timestamp,VWC,temp_soil,temp_room,temp_soil_shifted_1,temp_soil_shifted_2,temp_soil_shifted_3,temp_soil_shifted_4,temp_soil_shifted_5,temp_soil_shifted_6,temp_soil_predict
2017/11/22 00:30,0.372,21.9,20.89,21.9,21.9,21.9,22,22,22,21.8955
2017/11/22 00:35,0.373,21.9,20.89,21.9,21.9,21.9,21.9,22,22,21.8955
2017/11/22 00:40,0.372,21.9,20.89,21.9,21.9,21.9,21.9,21.9,22,21.8955
2017/11/22 00:45,0.372,21.9,20.91,21.9,21.9,21.9,21.9,21.9,21.9,21.8959
2017/11/22 00:50,0.372,21.9,20.98,21.9,21.9,21.9,21.9,21.9,21.9,21.897
2017/11/22 00:55,0.372,21.9,21.03,21.9,21.9,21.9,21.9,21.9,21.9,21.8978
2017/11/22 01:00,0.372,21.9,21.08,21.9,21.9,21.9,21.9,21.9,21.9,21.8986
2017/11/22 01:05,0.372,21.9,21.08,21.9,21.9,21.9,21.9,21.9,21.9,21.8986
2017/11/22 01:10,0.372,21.9,21.08,21.9,21.9,21.9,21.9,21.9,21.9,21.8986
2017/11/22 01:15,0.372,21.9,21.05,21.9,21.9,21.9,21.9,21.9,21.9,21.8981
2017/11/22 01:20,0.372,21.9,21.08,21.9,21.9,21.9,21.9,21.9,21.9,21.8986
2017/11/22 01:25,0.372,21.9,21.1,21.9,21.9,21.9,21.9,21.9,21.9,21.8989
2017/11/22 01:30,0.372,21.9,21.15,21.9,21.9,21.9,21.9,21.9,21.9,21.8997
2017/11/22 01:35,0.372,21.9,21.17,21.9,21.9,21.9,21.9,21.9,21.9,21.9
2017/11/22 01:40,0.372,21.9,21.2,21.9,21.9,21.9,21.9,21.9,21.9,21.9005
2017/11/22 01:45,0.372,21.9,21.22,21.9,21.9,21.9,21.9,21.9,21.9,21.9008
2017/11/22 01:50,0.372,21.9,21.22,21.9,21.9,21.9,21.9,21.9,21.9,21.9008
2017/11/22 01:55,0.372,21.9,21.25,21.9,21.9,21.9,21.9,21.9,21.9,21.9013
2017/11/22 02:00,0.372,21.9,21.27,21.9,21.9,21.9,21.9,21.9,21.9,21.9016
2017/11/22 02:05,0.372,21.9,21.27,21.9,21.9,21.9,21.9,21.9,21.9,21.9016
2017/11/22 02:10,0.372,21.9,21.29,21.9,21.9,21.9,21.9,21.9,21.9,21.9019
2017/11/22 02:15,0.372,21.9,21.32,21.9,21.9,21.9,21.9,21.9,21.9,21.9024
2017/11/22 02:20,0.372,21.9,21.34,21.9,21.9,21.9,21.9,21.9,21.9,21.9027
2017/11/22 02:25,0.372,21.9,21.34,21.9,21.9,21.9,21.9,21.9,21.9,21.9027
2017/11/22 02:30,0.372,21.9,21.32,21.9,21.9,21.9,21.9,21.9,21.9,21.9024
2017/11/22 02:35,0.372,21.9,21.32,21.9,21.9,21.9,21.9,21.9,21.9,21.9024
2017/11/22 02:40,0.372,21.9,21.32,21.9,21.9,21.9,21.9,21.9,21.9,21.9024
2017/11/22 02:45,0.372,21.8,21.32,21.9,21.9,21.9,21.9,21.9,21.9,21.9024
2017/11/22 02:50,0.372,21.9,21.32,21.8,21.9,21.9,21.9,21.9,21.9,21.8041
2017/11/22 02:55,0.372,21.9,21.34,21.9,21.8,21.9,21.9,21.9,21.9,21.9027
2017/11/22 03:00,0.372,21.9,21.34,21.9,21.9,21.8,21.9,21.9,21.9,21.9027
2017/11/22 03:05,0.372,21.9,21.34,21.9,21.9,21.9,21.8,21.9,21.9,21.9027
2017/11/22 03:10,0.372,21.9,21.36,21.9,21.9,21.9,21.9,21.8,21.9,21.903
2017/11/22 03:15,0.372,21.9,21.36,21.9,21.9,21.9,21.9,21.9,21.8,21.903
2017/11/22 03:20,0.372,21.9,21.36,21.9,21.9,21.9,21.9,21.9,21.9,21.903
2017/11/22 03:25,0.372,21.8,21.36,21.9,21.9,21.9,21.9,21.9,21.9,21.903
2017/11/22 03:30,0.372,21.8,21.39,21.8,21.9,21.9,21.9,21.9,21.9,21.8052
2017/11/22 03:35,0.372,21.9,21.39,21.8,21.8,21.9,21.9,21.9,21.9,21.8052
2017/11/22 03:40,0.372,21.9,21.39,21.9,21.8,21.8,21.9,21.9,21.9,21.9035
2017/11/22 03:45,0.372,21.8,21.36,21.9,21.9,21.8,21.8,21.9,21.9,21.903
2017/11/22 03:50,0.372,21.8,21.34,21.8,21.9,21.9,21.8,21.8,21.9,21.8044
2017/11/22 03:55,0.372,21.8,21.34,21.8,21.8,21.9,21.9,21.8,21.8,21.8044
2017/11/22 04:00,0.372,21.8,21.32,21.8,21.8,21.8,21.9,21.9,21.8,21.8041
2017/11/22 04:05,0.372,21.8,21.29,21.8,21.8,21.8,21.8,21.9,21.9,21.8036
2017/11/22 04:10,0.372,21.8,21.27,21.8,21.8,21.8,21.8,21.8,21.9,21.8033
2017/11/22 04:15,0.372,21.8,21.25,21.8,21.8,21.8,21.8,21.8,21.8,21.8029
2017/11/22 04:20,0.372,21.8,21.22,21.8,21.8,21.8,21.8,21.8,21.8,21.8025
2017/11/22 04:25,0.372,21.8,21.2,21.8,21.8,21.8,21.8,21.8,21.8,21.8021
2017/11/22 04:30,0.372,21.8,21.17,21.8,21.8,21.8,21.8,21.8,21.8,21.8017
2017/11/22 04:35,0.372,21.8,21.15,21.8,21.8,21.8,21.8,21.8,21.8,21.8013
2017/11/22 04:40,0.372,21.7,21.13,21.8,21.8,21.8,21.8,21.8,21.8,21.801
2017/11/22 04:45,0.372,21.7,21.1,21.7,21.8,21.8,21.8,21.8,21.8,21.7022
2017/11/22 04:50,0.371,21.8,21.08,21.7,21.7,21.8,21.8,21.8,21.8,21.7019
2017/11/22 04:55,0.372,21.7,21.05,21.8,21.7,21.7,21.8,21.8,21.8,21.7998
2017/11/22 05:00,0.372,21.7,21.03,21.7,21.8,21.7,21.7,21.8,21.8,21.7011
2017/11/22 05:05,0.372,21.7,20.98,21.7,21.7,21.8,21.7,21.7,21.8,21.7003
2017/11/22 05:10,0.372,21.7,20.94,21.7,21.7,21.7,21.8,21.7,21.7,21.6997
2017/11/22 05:15,0.371,21.7,20.89,21.7,21.7,21.7,21.7,21.8,21.7,21.6989
2017/11/22 05:20,0.371,21.7,20.84,21.7,21.7,21.7,21.7,21.7,21.8,21.6981
2017/11/22 05:25,0.371,21.7,20.79,21.7,21.7,21.7,21.7,21.7,21.7,21.6973
2017/11/22 05:30,0.371,21.7,20.77,21.7,21.7,21.7,21.7,21.7,21.7,21.697
2017/11/22 05:35,0.371,21.7,20.72,21.7,21.7,21.7,21.7,21.7,21.7,21.6962
2017/11/22 05:40,0.371,21.7,20.7,21.7,21.7,21.7,21.7,21.7,21.7,21.6958
2017/11/22 05:45,0.371,21.7,20.67,21.7,21.7,21.7,21.7,21.7,21.7,21.6954
2017/11/22 05:50,0.371,21.7,20.63,21.7,21.7,21.7,21.7,21.7,21.7,21.6947
2017/11/22 05:55,0.371,21.7,20.63,21.7,21.7,21.7,21.7,21.7,21.7,21.6947
2017/11/22 06:00,0.371,21.7,20.63,21.7,21.7,21.7,21.7,21.7,21.7,21.6947
2017/11/22 06:05,0.371,21.7,20.6,21.7,21.7,21.7,21.7,21.7,21.7,21.6942
2017/11/22 06:10,0.371,21.7,20.63,21.7,21.7,21.7,21.7,21.7,21.7,21.6947
2017/11/22 06:15,0.371,21.7,20.63,21.7,21.7,21.7,21.7,21.7,21.7,21.6947
2017/11/22 06:20,0.371,21.7,20.63,21.7,21.7,21.7,21.7,21.7,21.7,21.6947
2017/11/22 06:25,0.371,21.7,20.6,21.7,21.7,21.7,21.7,21.7,21.7,21.6942
2017/11/22 06:30,0.371,21.6,20.58,21.7,21.7,21.7,21.7,21.7,21.7,21.6939
2017/11/22 06:35,0.371,21.7,20.58,21.6,21.7,21.7,21.7,21.7,21.7,21.5956
2017/11/22 06:40,0.371,21.6,20.58,21.7,21.6,21.7,21.7,21.7,21.7,21.6939
2017/11/22 06:45,0.371,21.6,20.55,21.6,21.7,21.6,21.7,21.7,21.7,21.5951
2017/11/22 06:50,0.371,21.6,20.55,21.6,21.6,21.7,21.6,21.7,21.7,21.5951
2017/11/22 06:55,0.371,21.6,20.53,21.6,21.6,21.6,21.7,21.6,21.7,21.5948
2017/11/22 07:00,0.371,21.6,20.53,21.6,21.6,21.6,21.6,21.7,21.6,21.5948
2017/11/22 07:05,0.371,21.6,20.53,21.6,21.6,21.6,21.6,21.6,21.7,21.5948
2017/11/22 07:10,0.371,21.6,20.53,21.6,21.6,21.6,21.6,21.6,21.6,21.5948
2017/11/22 07:15,0.371,21.6,20.55,21.6,21.6,21.6,21.6,21.6,21.6,21.5951
2017/11/22 07:20,0.371,21.6,20.55,21.6,21.6,21.6,21.6,21.6,21.6,21.5951
2017/11/22 07:25,0.37,21.6,20.58,21.6,21.6,21.6,21.6,21.6,21.6,21.5956
2017/11/22 07:30,0.37,21.6,20.63,21.6,21.6,21.6,21.6,21.6,21.6,21.5964
2017/11/22 07:35,0.37,21.6,20.67,21.6,21.6,21.6,21.6,21.6,21.6,21.597
2017/11/22 07:40,0.37,21.6,20.72,21.6,21.6,21.6,21.6,21.6,21.6,21.5978
2017/11/22 07:45,0.37,21.6,20.79,21.6,21.6,21.6,21.6,21.6,21.6,21.5989
2017/11/22 07:50,0.37,21.7,20.82,21.6,21.6,21.6,21.6,21.6,21.6,21.5994
2017/11/22 07:55,0.37,21.6,20.86,21.7,21.6,21.6,21.6,21.6,21.6,21.6984
2017/11/22 08:00,0.37,21.6,20.89,21.6,21.7,21.6,21.6,21.6,21.6,21.6005
2017/11/22 08:05,0.37,21.6,20.91,21.6,21.6,21.7,21.6,21.6,21.6,21.6008
2017/11/22 08:10,0.37,21.6,20.94,21.6,21.6,21.6,21.7,21.6,21.6,21.6013
2017/11/22 08:15,0.37,21.7,20.98,21.6,21.6,21.6,21.6,21.7,21.6,21.602
2017/11/22 08:20,0.37,21.7,21.01,21.7,21.6,21.6,21.6,21.6,21.7,21.7008
2017/11/22 08:25,0.37,21.7,21.05,21.7,21.7,21.6,21.6,21.6,21.6,21.7014
2017/11/22 08:30,0.37,21.7,21.13,21.7,21.7,21.7,21.6,21.6,21.6,21.7027
2017/11/22 08:35,0.37,21.7,21.13,21.7,21.7,21.7,21.7,21.6,21.6,21.7027
2017/11/22 08:40,0.37,21.7,21.15,21.7,21.7,21.7,21.7,21.7,21.6,21.703
2017/11/22 08:45,0.369,21.7,21.17,21.7,21.7,21.7,21.7,21.7,21.7,21.7033
2017/11/22 08:50,0.369,21.7,21.2,21.7,21.7,21.7,21.7,21.7,21.7,21.7038
2017/11/22 08:55,0.369,21.7,21.2,21.7,21.7,21.7,21.7,21.7,21.7,21.7038
2017/11/22 09:00,0.369,21.7,21.17,21.7,21.7,21.7,21.7,21.7,21.7,21.7033
2017/11/22 09:05,0.369,21.7,21.15,21.7,21.7,21.7,21.7,21.7,21.7,21.703
2017/11/22 09:10,0.369,21.7,21.13,21.7,21.7,21.7,21.7,21.7,21.7,21.7027
2017/11/22 09:15,0.369,21.7,21.13,21.7,21.7,21.7,21.7,21.7,21.7,21.7027
2017/11/22 09:20,0.369,21.7,21.15,21.7,21.7,21.7,21.7,21.7,21.7,21.703
2017/11/22 09:25,0.369,21.7,21.17,21.7,21.7,21.7,21.7,21.7,21.7,21.7033
2017/11/22 09:30,0.369,21.7,21.17,21.7,21.7,21.7,21.7,21.7,21.7,21.7033
2017/11/22 09:35,0.369,21.7,21.1,21.7,21.7,21.7,21.7,21.7,21.7,21.7022
2017/11/22 09:40,0.368,21.7,21.08,21.7,21.7,21.7,21.7,21.7,21.7,21.7019
2017/11/22 09:45,0.368,21.7,21.08,21.7,21.7,21.7,21.7,21.7,21.7,21.7019
2017/11/22 09:50,0.368,21.8,21.08,21.7,21.7,21.7,21.7,21.7,21.7,21.7019
2017/11/22 09:55,0.368,21.7,21.1,21.8,21.7,21.7,21.7,21.7,21.7,21.8006
2017/11/22 10:00,0.368,21.7,21.13,21.7,21.8,21.7,21.7,21.7,21.7,21.7027
2017/11/22 10:05,0.368,21.7,21.08,21.7,21.7,21.8,21.7,21.7,21.7,21.7019
2017/11/22 10:10,0.368,21.8,21.08,21.7,21.7,21.7,21.8,21.7,21.7,21.7019
2017/11/22 10:15,0.368,21.8,21.1,21.8,21.7,21.7,21.7,21.8,21.7,21.8006
2017/11/22 10:20,0.368,21.8,21.13,21.8,21.8,21.7,21.7,21.7,21.8,21.801
2017/11/22 10:25,0.368,21.8,21.13,21.8,21.8,21.8,21.7,21.7,21.7,21.801
2017/11/22 10:30,0.368,21.8,21.15,21.8,21.8,21.8,21.8,21.7,21.7,21.8013
2017/11/22 10:35,0.368,21.8,21.13,21.8,21.8,21.8,21.8,21.8,21.7,21.801
2017/11/22 10:40,0.368,21.8,21.1,21.8,21.8,21.8,21.8,21.8,21.8,21.8006
2017/11/22 10:45,0.368,21.8,21.1,21.8,21.8,21.8,21.8,21.8,21.8,21.8006
2017/11/22 10:50,0.368,21.9,21.13,21.8,21.8,21.8,21.8,21.8,21.8,21.801
2017/11/22 10:55,0.368,21.9,21.1,21.9,21.8,21.8,21.8,21.8,21.8,21.8989
2017/11/22 11:00,0.367,21.8,21.08,21.9,21.9,21.8,21.8,21.8,21.8,21.8986
2017/11/22 11:05,0.367,21.9,21.03,21.8,21.9,21.9,21.8,21.8,21.8,21.7994
2017/11/22 11:10,0.367,21.9,20.98,21.9,21.8,21.9,21.9,21.8,21.8,21.897
2017/11/22 11:15,0.367,21.8,20.94,21.9,21.9,21.8,21.9,21.9,21.8,21.8963
2017/11/22 11:20,0.367,21.9,20.94,21.8,21.9,21.9,21.8,21.9,21.9,21.798
2017/11/22 11:25,0.367,21.9,21.01,21.9,21.8,21.9,21.9,21.8,21.9,21.8975
2017/11/22 11:30,0.367,21.9,21.08,21.9,21.9,21.8,21.9,21.9,21.8,21.8986
2017/11/22 11:35,0.367,21.9,21.13,21.9,21.9,21.9,21.8,21.9,21.9,21.8994
2017/11/22 11:40,0.367,21.9,21.17,21.9,21.9,21.9,21.9,21.8,21.9,21.9
2017/11/22 11:45,0.367,21.9,21.17,21.9,21.9,21.9,21.9,21.9,21.8,21.9
2017/11/22 11:50,0.367,21.9,21.1,21.9,21.9,21.9,21.9,21.9,21.9,21.8989
2017/11/22 11:55,0.367,21.9,21.05,21.9,21.9,21.9,21.9,21.9,21.9,21.8981
2017/11/22 12:00,0.366,21.9,21.03,21.9,21.9,21.9,21.9,21.9,21.9,21.8978
2017/11/22 12:05,0.366,21.9,20.89,21.9,21.9,21.9,21.9,21.9,21.9,21.8955
2017/11/22 12:10,0.366,21.9,20.7,21.9,21.9,21.9,21.9,21.9,21.9,21.8925
2017/11/22 12:15,0.366,21.9,20.51,21.9,21.9,21.9,21.9,21.9,21.9,21.8895
2017/11/22 12:20,0.366,21.8,20.34,21.9,21.9,21.9,21.9,21.9,21.9,21.8868
2017/11/22 12:25,0.366,21.8,20.22,21.8,21.9,21.9,21.9,21.9,21.9,21.7865
2017/11/22 12:30,0.366,21.8,20.15,21.8,21.8,21.9,21.9,21.9,21.9,21.7854
2017/11/22 12:35,0.366,21.8,20.13,21.8,21.8,21.8,21.9,21.9,21.9,21.7851
2017/11/22 12:40,0.366,21.7,20.1,21.8,21.8,21.8,21.8,21.9,21.9,21.7846
2017/11/22 12:45,0.366,21.7,20.1,21.7,21.8,21.8,21.8,21.8,21.9,21.6863
2017/11/22 12:50,0.366,21.7,20.05,21.7,21.7,21.8,21.8,21.8,21.8,21.6855
2017/11/22 12:55,0.366,21.7,20.03,21.7,21.7,21.7,21.8,21.8,21.8,21.6852
2017/11/22 13:00,0.366,21.7,19.96,21.7,21.7,21.7,21.7,21.8,21.8,21.684
2017/11/22 13:05,0.366,21.7,19.84,21.7,21.7,21.7,21.7,21.7,21.8,21.6821
2017/11/22 13:10,0.366,21.7,19.77,21.7,21.7,21.7,21.7,21.7,21.7,21.681
2017/11/22 13:15,0.366,21.7,19.72,21.7,21.7,21.7,21.7,21.7,21.7,21.6802
2017/11/22 13:20,0.366,21.7,19.63,21.7,21.7,21.7,21.7,21.7,21.7,21.6788
2017/11/22 13:25,0.365,21.7,19.53,21.7,21.7,21.7,21.7,21.7,21.7,21.6772
2017/11/22 13:30,0.366,21.7,19.46,21.7,21.7,21.7,21.7,21.7,21.7,21.6761
2017/11/22 13:35,0.366,21.6,19.41,21.7,21.7,21.7,21.7,21.7,21.7,21.6753
2017/11/22 13:40,0.365,21.6,19.39,21.6,21.7,21.7,21.7,21.7,21.7,21.5766
2017/11/22 13:45,0.365,21.6,19.39,21.6,21.6,21.7,21.7,21.7,21.7,21.5766
2017/11/22 13:50,0.365,21.6,19.39,21.6,21.6,21.6,21.7,21.7,21.7,21.5766
2017/11/22 13:55,0.365,21.6,19.41,21.6,21.6,21.6,21.6,21.7,21.7,21.5769
2017/11/22 14:00,0.365,21.6,19.44,21.6,21.6,21.6,21.6,21.6,21.7,21.5774
2017/11/22 14:05,0.365,21.6,19.46,21.6,21.6,21.6,21.6,21.6,21.6,21.5777
2017/11/22 14:10,0.365,21.6,19.48,21.6,21.6,21.6,21.6,21.6,21.6,21.5781
2017/11/22 14:15,0.365,21.6,19.48,21.6,21.6,21.6,21.6,21.6,21.6,21.5781
2017/11/22 14:20,0.365,21.6,19.51,21.6,21.6,21.6,21.6,21.6,21.6,21.5785
2017/11/22 14:25,0.365,21.6,19.53,21.6,21.6,21.6,21.6,21.6,21.6,21.5789
2017/11/22 14:30,0.365,21.6,19.58,21.6,21.6,21.6,21.6,21.6,21.6,21.5797
2017/11/22 14:35,0.365,21.6,19.58,21.6,21.6,21.6,21.6,21.6,21.6,21.5797
2017/11/22 14:40,0.365,21.6,19.58,21.6,21.6,21.6,21.6,21.6,21.6,21.5797
2017/11/22 14:45,0.365,21.5,19.58,21.6,21.6,21.6,21.6,21.6,21.6,21.5797
2017/11/22 14:50,0.365,21.5,19.58,21.5,21.6,21.6,21.6,21.6,21.6,21.4813
2017/11/22 14:55,0.365,21.5,19.58,21.5,21.5,21.6,21.6,21.6,21.6,21.4813
2017/11/22 15:00,0.365,21.5,19.55,21.5,21.5,21.5,21.6,21.6,21.6,21.4808
2017/11/22 15:05,0.365,21.5,19.53,21.5,21.5,21.5,21.5,21.6,21.6,21.4805
2017/11/22 15:10,0.365,21.5,19.53,21.5,21.5,21.5,21.5,21.5,21.6,21.4805
2017/11/22 15:15,0.365,21.5,19.48,21.5,21.5,21.5,21.5,21.5,21.5,21.4797
2017/11/22 15:20,0.365,21.5,19.44,21.5,21.5,21.5,21.5,21.5,21.5,21.4791
2017/11/22 15:25,0.365,21.5,19.34,21.5,21.5,21.5,21.5,21.5,21.5,21.4775
2017/11/22 15:30,0.365,21.5,19.32,21.5,21.5,21.5,21.5,21.5,21.5,21.4772
2017/11/22 15:35,0.365,21.5,19.27,21.5,21.5,21.5,21.5,21.5,21.5,21.4764
2017/11/22 15:40,0.365,21.5,19.22,21.5,21.5,21.5,21.5,21.5,21.5,21.4756
2017/11/22 15:45,0.364,21.4,19.2,21.5,21.5,21.5,21.5,21.5,21.5,21.4753
2017/11/22 15:50,0.365,21.4,19.15,21.4,21.5,21.5,21.5,21.5,21.5,21.3761
2017/11/22 15:55,0.365,21.4,19.08,21.4,21.4,21.5,21.5,21.5,21.5,21.375
2017/11/22 16:00,0.365,21.3,19.01,21.4,21.4,21.4,21.5,21.5,21.5,21.3739
2017/11/22 16:05,0.364,21.3,18.98,21.3,21.4,21.4,21.4,21.5,21.5,21.2751
2017/11/22 16:10,0.364,21.3,18.96,21.3,21.3,21.4,21.4,21.4,21.5,21.2747
2017/11/22 16:15,0.364,21.3,18.94,21.3,21.3,21.3,21.4,21.4,21.4,21.2744
2017/11/22 16:20,0.364,21.3,18.94,21.3,21.3,21.3,21.3,21.4,21.4,21.2744
2017/11/22 16:25,0.364,21.3,18.94,21.3,21.3,21.3,21.3,21.3,21.4,21.2744
2017/11/22 16:30,0.364,21.3,18.91,21.3,21.3,21.3,21.3,21.3,21.3,21.274
2017/11/22 16:35,0.364,21.3,18.91,21.3,21.3,21.3,21.3,21.3,21.3,21.274
2017/11/22 16:40,0.364,21.2,18.91,21.3,21.3,21.3,21.3,21.3,21.3,21.274
2017/11/22 16:45,0.364,21.2,18.91,21.2,21.3,21.3,21.3,21.3,21.3,21.1756
2017/11/22 16:50,0.364,21.2,18.91,21.2,21.2,21.3,21.3,21.3,21.3,21.1756
2017/11/22 16:55,0.364,21.2,18.91,21.2,21.2,21.2,21.3,21.3,21.3,21.1756
2017/11/22 17:00,0.364,21.1,18.89,21.2,21.2,21.2,21.2,21.3,21.3,21.1753
2017/11/22 17:05,0.364,21.1,18.86,21.1,21.2,21.2,21.2,21.2,21.3,21.0765
2017/11/22 17:10,0.364,21.1,18.86,21.1,21.1,21.2,21.2,21.2,21.2,21.0765
2017/11/22 17:15,0.364,21.1,18.86,21.1,21.1,21.1,21.2,21.2,21.2,21.0765
2017/11/22 17:20,0.364,21.1,18.86,21.1,21.1,21.1,21.1,21.2,21.2,21.0765
2017/11/22 17:25,0.364,21.1,18.86,21.1,21.1,21.1,21.1,21.1,21.2,21.0765
2017/11/22 17:30,0.364,21.1,18.84,21.1,21.1,21.1,21.1,21.1,21.1,21.0762
2017/11/22 17:35,0.364,21,18.79,21.1,21.1,21.1,21.1,21.1,21.1,21.0754
2017/11/22 17:40,0.364,21,18.77,21,21.1,21.1,21.1,21.1,21.1,20.9767
2017/11/22 17:45,0.364,21,18.79,21,21,21.1,21.1,21.1,21.1,20.977
2017/11/22 17:50,0.364,21,18.79,21,21,21,21.1,21.1,21.1,20.977
2017/11/22 17:55,0.364,21,18.77,21,21,21,21,21.1,21.1,20.9767
2017/11/22 18:00,0.364,21,18.77,21,21,21,21,21,21.1,20.9767
2017/11/22 18:05,0.364,20.9,18.77,21,21,21,21,21,21,20.9767
2017/11/22 18:10,0.364,20.9,18.75,20.9,21,21,21,21,21,20.878
2017/11/22 18:15,0.364,20.9,18.72,20.9,20.9,21,21,21,21,20.8776
2017/11/22 18:20,0.364,20.9,18.7,20.9,20.9,20.9,21,21,21,20.8772
2017/11/22 18:25,0.364,20.9,18.63,20.9,20.9,20.9,20.9,21,21,20.8761
2017/11/22 18:30,0.364,20.9,18.58,20.9,20.9,20.9,20.9,20.9,21,20.8753
2017/11/22 18:35,0.364,20.9,18.58,20.9,20.9,20.9,20.9,20.9,20.9,20.8753
2017/11/22 18:40,0.364,20.8,18.56,20.9,20.9,20.9,20.9,20.9,20.9,20.875
2017/11/22 18:45,0.364,20.8,18.51,20.8,20.9,20.9,20.9,20.9,20.9,20.7759
2017/11/22 18:50,0.364,20.8,18.46,20.8,20.8,20.9,20.9,20.9,20.9,20.7751
2017/11/22 18:55,0.364,20.8,18.41,20.8,20.8,20.8,20.9,20.9,20.9,20.7743
2017/11/22 19:00,0.364,20.7,18.39,20.8,20.8,20.8,20.8,20.9,20.9,20.774
2017/11/22 19:05,0.364,20.7,18.39,20.7,20.8,20.8,20.8,20.8,20.9,20.6756
2017/11/22 19:10,0.364,20.7,18.39,20.7,20.7,20.8,20.8,20.8,20.8,20.6756
2017/11/22 19:15,0.364,20.7,18.41,20.7,20.7,20.7,20.8,20.8,20.8,20.6759
2017/11/22 19:20,0.364,20.7,18.41,20.7,20.7,20.7,20.7,20.8,20.8,20.6759
2017/11/22 19:25,0.364,20.7,18.44,20.7,20.7,20.7,20.7,20.7,20.8,20.6764
2017/11/22 19:30,0.364,20.7,18.44,20.7,20.7,20.7,20.7,20.7,20.7,20.6764
2017/11/22 19:35,0.364,20.6,18.46,20.7,20.7,20.7,20.7,20.7,20.7,20.6767
2017/11/22 19:40,0.364,20.7,18.44,20.6,20.7,20.7,20.7,20.7,20.7,20.5781
2017/11/22 19:45,0.364,20.6,18.44,20.7,20.6,20.7,20.7,20.7,20.7,20.6764
2017/11/22 19:50,0.364,20.6,18.44,20.6,20.7,20.6,20.7,20.7,20.7,20.5781
2017/11/22 19:55,0.364,20.6,18.41,20.6,20.6,20.7,20.6,20.7,20.7,20.5776
2017/11/22 20:00,0.364,20.6,18.39,20.6,20.6,20.6,20.7,20.6,20.7,20.5773
2017/11/22 20:05,0.364,20.5,18.39,20.6,20.6,20.6,20.6,20.7,20.6,20.5773
2017/11/22 20:10,0.364,20.5,18.39,20.5,20.6,20.6,20.6,20.6,20.7,20.4789
2017/11/22 20:15,0.364,20.5,18.39,20.5,20.5,20.6,20.6,20.6,20.6,20.4789
2017/11/22 20:20,0.364,20.5,18.36,20.5,20.5,20.5,20.6,20.6,20.6,20.4784
2017/11/22 20:25,0.364,20.5,18.36,20.5,20.5,20.5,20.5,20.6,20.6,20.4784
2017/11/22 20:30,0.364,20.5,18.36,20.5,20.5,20.5,20.5,20.5,20.6,20.4784
2017/11/22 20:35,0.364,20.5,18.34,20.5,20.5,20.5,20.5,20.5,20.5,20.4781
2017/11/22 20:40,0.364,20.5,18.29,20.5,20.5,20.5,20.5,20.5,20.5,20.4773
2017/11/22 20:45,0.364,20.4,18.25,20.5,20.5,20.5,20.5,20.5,20.5,20.4767
2017/11/22 20:50,0.364,20.4,18.22,20.4,20.5,20.5,20.5,20.5,20.5,20.3779
2017/11/22 20:55,0.364,20.4,18.22,20.4,20.4,20.5,20.5,20.5,20.5,20.3779
2017/11/22 21:00,0.364,20.4,18.2,20.4,20.4,20.4,20.5,20.5,20.5,20.3776
2017/11/22 21:05,0.364,20.3,18.2,20.4,20.4,20.4,20.4,20.5,20.5,20.3776
2017/11/22 21:10,0.364,20.3,18.17,20.3,20.4,20.4,20.4,20.4,20.5,20.2787
2017/11/22 21:15,0.364,20.3,18.15,20.3,20.3,20.4,20.4,20.4,20.4,20.2784
2017/11/22 21:20,0.364,20.3,18.1,20.3,20.3,20.3,20.4,20.4,20.4,20.2776
2017/11/22 21:25,0.364,20.3,18.1,20.3,20.3,20.3,20.3,20.4,20.4,20.2776
2017/11/22 21:30,0.364,20.3,18.08,20.3,20.3,20.3,20.3,20.3,20.4,20.2773
2017/11/22 21:35,0.364,20.3,18.08,20.3,20.3,20.3,20.3,20.3,20.3,20.2773
2017/11/22 21:40,0.364,20.3,18.06,20.3,20.3,20.3,20.3,20.3,20.3,20.277
2017/11/22 21:45,0.364,20.2,18.06,20.3,20.3,20.3,20.3,20.3,20.3,20.277
2017/11/22 21:50,0.363,20.2,18.06,20.2,20.3,20.3,20.3,20.3,20.3,20.1786
2017/11/22 21:55,0.364,20.2,18.06,20.2,20.2,20.3,20.3,20.3,20.3,20.1786
2017/11/22 22:00,0.364,20.2,18.06,20.2,20.2,20.2,20.3,20.3,20.3,20.1786
2017/11/22 22:05,0.363,20.2,18.03,20.2,20.2,20.2,20.2,20.3,20.3,20.1782
2017/11/22 22:10,0.364,20.2,18.01,20.2,20.2,20.2,20.2,20.2,20.3,20.1778
2017/11/22 22:15,0.364,20.1,18.01,20.2,20.2,20.2,20.2,20.2,20.2,20.1778
2017/11/22 22:20,0.364,20.1,18.01,20.1,20.2,20.2,20.2,20.2,20.2,20.0795
2017/11/22 22:25,0.364,20.1,17.98,20.1,20.1,20.2,20.2,20.2,20.2,20.079
2017/11/22 22:30,0.364,20.1,17.96,20.1,20.1,20.1,20.2,20.2,20.2,20.0787
2017/11/22 22:35,0.364,20.1,17.94,20.1,20.1,20.1,20.1,20.2,20.2,20.0784
2017/11/22 22:40,0.364,20.1,17.91,20.1,20.1,20.1,20.1,20.1,20.2,20.0779
2017/11/22 22:45,0.364,20.1,17.89,20.1,20.1,20.1,20.1,20.1,20.1,20.0776
2017/11/22 22:50,0.363,20.1,17.87,20.1,20.1,20.1,20.1,20.1,20.1,20.0773
2017/11/22 22:55,0.363,20,17.82,20.1,20.1,20.1,20.1,20.1,20.1,20.0765
2017/11/22 23:00,0.363,20,17.79,20,20.1,20.1,20.1,20.1,20.1,19.9777
2017/11/22 23:05,0.364,20,17.77,20,20,20.1,20.1,20.1,20.1,19.9773
2017/11/22 23:10,0.364,20,17.72,20,20,20,20.1,20.1,20.1,19.9765
2017/11/22 23:15,0.363,19.9,17.7,20,20,20,20,20.1,20.1,19.9762
2017/11/22 23:20,0.363,19.9,17.67,19.9,20,20,20,20,20.1,19.8774
2017/11/22 23:25,0.364,19.9,17.67,19.9,19.9,20,20,20,20,19.8774
2017/11/22 23:30,0.363,19.9,17.67,19.9,19.9,19.9,20,20,20,19.8774
2017/11/22 23:35,0.364,19.9,17.63,19.9,19.9,19.9,19.9,20,20,19.8768
2017/11/22 23:40,0.363,19.9,17.63,19.9,19.9,19.9,19.9,19.9,20,19.8768
2017/11/22 23:45,0.363,19.9,17.56,19.9,19.9,19.9,19.9,19.9,19.9,19.8757
2017/11/22 23:50,0.363,19.8,17.48,19.9,19.9,19.9,19.9,19.9,19.9,19.8744
2017/11/22 23:55,0.363,19.8,17.39,19.8,19.9,19.9,19.9,19.9,19.9,19.7746
2017/11/23 00:00,0.363,19.8,17.34,19.8,19.8,19.9,19.9,19.9,19.9,19.7738
2017/11/23 00:05,0.364,19.7,17.29,19.8,19.8,19.8,19.9,19.9,19.9,19.773
2017/11/23 00:10,0.363,19.7,17.29,19.7,19.8,19.8,19.8,19.9,19.9,19.6747
2017/11/23 00:15,0.364,19.7,17.22,19.7,19.7,19.8,19.8,19.8,19.9,19.6735
2017/11/23 00:20,0.363,19.7,17.18,19.7,19.7,19.7,19.8,19.8,19.8,19.6729
2017/11/23 00:25,0.363,19.7,17.13,19.7,19.7,19.7,19.7,19.8,19.8,19.6721
2017/11/23 00:30,0.363,19.7,17.08,19.7,19.7,19.7,19.7,19.7,19.8,19.6713
2017/11/23 00:35,0.363,19.7,17.06,19.7,19.7,19.7,19.7,19.7,19.7,19.671
2017/11/23 00:40,0.363,19.7,17.03,19.7,19.7,19.7,19.7,19.7,19.7,19.6705
2017/11/23 00:45,0.363,19.7,16.98,19.7,19.7,19.7,19.7,19.7,19.7,19.6697
2017/11/23 00:50,0.363,19.6,17.01,19.7,19.7,19.7,19.7,19.7,19.7,19.6702
2017/11/23 00:55,0.363,19.6,17.01,19.6,19.7,19.7,19.7,19.7,19.7,19.5719
2017/11/23 01:00,0.363,19.6,16.98,19.6,19.6,19.7,19.7,19.7,19.7,19.5714
2017/11/23 01:05,0.363,19.5,16.94,19.6,19.6,19.6,19.7,19.7,19.7,19.5707
2017/11/23 01:10,0.363,19.6,16.91,19.5,19.6,19.6,19.6,19.7,19.7,19.4719
2017/11/23 01:15,0.363,19.5,16.94,19.6,19.5,19.6,19.6,19.6,19.7,19.5707
2017/11/23 01:20,0.363,19.5,16.87,19.5,19.6,19.5,19.6,19.6,19.6,19.4713
2017/11/23 01:25,0.363,19.5,16.82,19.5,19.5,19.6,19.5,19.6,19.6,19.4705
2017/11/23 01:30,0.363,19.5,16.79,19.5,19.5,19.5,19.6,19.5,19.6,19.47
2017/11/23 01:35,0.363,19.4,16.82,19.5,19.5,19.5,19.5,19.6,19.5,19.4705
2017/11/23 01:40,0.363,19.4,16.79,19.4,19.5,19.5,19.5,19.5,19.6,19.3717
2017/11/23 01:45,0.363,19.4,16.77,19.4,19.4,19.5,19.5,19.5,19.5,19.3714
2017/11/23 01:50,0.363,19.4,16.79,19.4,19.4,19.4,19.5,19.5,19.5,19.3717
2017/11/23 01:55,0.363,19.4,16.82,19.4,19.4,19.4,19.4,19.5,19.5,19.3721
2017/11/23 02:00,0.363,19.4,16.82,19.4,19.4,19.4,19.4,19.4,19.5,19.3721
2017/11/23 02:05,0.363,19.4,16.84,19.4,19.4,19.4,19.4,19.4,19.4,19.3725
2017/11/23 02:10,0.363,19.3,16.82,19.4,19.4,19.4,19.4,19.4,19.4,19.3721
2017/11/23 02:15,0.363,19.3,16.84,19.3,19.4,19.4,19.4,19.4,19.4,19.2741
2017/11/23 02:20,0.363,19.3,16.82,19.3,19.3,19.4,19.4,19.4,19.4,19.2738
2017/11/23 02:25,0.363,19.3,16.82,19.3,19.3,19.3,19.4,19.4,19.4,19.2738
2017/11/23 02:30,0.363,19.3,16.82,19.3,19.3,19.3,19.3,19.4,19.4,19.2738
2017/11/23 02:35,0.363,19.2,16.79,19.3,19.3,19.3,19.3,19.3,19.4,19.2733
2017/11/23 02:40,0.363,19.2,16.77,19.2,19.3,19.3,19.3,19.3,19.3,19.1747
2017/11/23 02:45,0.363,19.2,16.72,19.2,19.2,19.3,19.3,19.3,19.3,19.1739
2017/11/23 02:50,0.363,19.2,16.7,19.2,19.2,19.2,19.3,19.3,19.3,19.1736
2017/11/23 02:55,0.363,19.2,16.68,19.2,19.2,19.2,19.2,19.3,19.3,19.1732
2017/11/23 03:00,0.363,19.2,16.63,19.2,19.2,19.2,19.2,19.2,19.3,19.1724
2017/11/23 03:05,0.363,19.1,16.58,19.2,19.2,19.2,19.2,19.2,19.2,19.1716
2017/11/23 03:10,0.363,19.1,16.53,19.1,19.2,19.2,19.2,19.2,19.2,19.0725
2017/11/23 03:15,0.363,19.1,16.48,19.1,19.1,19.2,19.2,19.2,19.2,19.0717
2017/11/23 03:20,0.363,19.1,16.41,19.1,19.1,19.1,19.2,19.2,19.2,19.0706
2017/11/23 03:25,0.363,19.1,16.37,19.1,19.1,19.1,19.1,19.2,19.2,19.07
2017/11/23 03:30,0.363,19.1,16.34,19.1,19.1,19.1,19.1,19.1,19.2,19.0695
2017/11/23 03:35,0.363,19,16.29,19.1,19.1,19.1,19.1,19.1,19.1,19.0687
2017/11/23 03:40,0.363,19,16.27,19,19.1,19.1,19.1,19.1,19.1,18.97
2017/11/23 03:45,0.363,19,16.25,19,19,19.1,19.1,19.1,19.1,18.9697
2017/11/23 03:50,0.363,19,16.29,19,19,19,19.1,19.1,19.1,18.9703
2017/11/23 03:55,0.363,19,16.29,19,19,19,19,19.1,19.1,18.9703
2017/11/23 04:00,0.363,18.9,16.25,19,19,19,19,19,19.1,18.9697
2017/11/23 04:05,0.363,18.9,16.22,18.9,19,19,19,19,19,18.8709
2017/11/23 04:10,0.363,18.9,16.17,18.9,18.9,19,19,19,19,18.8701
2017/11/23 04:15,0.363,18.9,16.15,18.9,18.9,18.9,19,19,19,18.8698
2017/11/23 04:20,0.363,18.8,16.13,18.9,18.9,18.9,18.9,19,19,18.8694
2017/11/23 04:25,0.363,18.8,16.13,18.8,18.9,18.9,18.9,18.9,19,18.7711
2017/11/23 04:30,0.363,18.8,16.1,18.8,18.8,18.9,18.9,18.9,18.9,18.7706
2017/11/23 04:35,0.363,18.8,16.1,18.8,18.8,18.8,18.9,18.9,18.9,18.7706
2017/11/23 04:40,0.363,18.8,16.08,18.8,18.8,18.8,18.8,18.9,18.9,18.7703
2017/11/23 04:45,0.363,18.8,16.06,18.8,18.8,18.8,18.8,18.8,18.9,18.77
2017/11/23 04:50,0.363,18.8,16.06,18.8,18.8,18.8,18.8,18.8,18.8,18.77
2017/11/23 04:55,0.363,18.8,16.06,18.8,18.8,18.8,18.8,18.8,18.8,18.77
2017/11/23 05:00,0.363,18.8,16.06,18.8,18.8,18.8,18.8,18.8,18.8,18.77
2017/11/23 05:05,0.363,18.7,16.06,18.8,18.8,18.8,18.8,18.8,18.8,18.77
2017/11/23 05:10,0.363,18.7,16.03,18.7,18.8,18.8,18.8,18.8,18.8,18.6712
2017/11/23 05:15,0.363,18.7,16.03,18.7,18.7,18.8,18.8,18.8,18.8,18.6712
2017/11/23 05:20,0.363,18.7,16.01,18.7,18.7,18.7,18.8,18.8,18.8,18.6708
2017/11/23 05:25,0.363,18.7,16.01,18.7,18.7,18.7,18.7,18.8,18.8,18.6708
2017/11/23 05:30,0.363,18.7,16.01,18.7,18.7,18.7,18.7,18.7,18.8,18.6708
2017/11/23 05:35,0.363,18.6,16.01,18.7,18.7,18.7,18.7,18.7,18.7,18.6708
2017/11/23 05:40,0.363,18.6,16.01,18.6,18.7,18.7,18.7,18.7,18.7,18.5725
2017/11/23 05:45,0.363,18.6,16.01,18.6,18.6,18.7,18.7,18.7,18.7,18.5725
2017/11/23 05:50,0.363,18.6,15.98,18.6,18.6,18.6,18.7,18.7,18.7,18.572
2017/11/23 05:55,0.363,18.6,15.98,18.6,18.6,18.6,18.6,18.7,18.7,18.572
2017/11/23 06:00,0.363,18.6,15.96,18.6,18.6,18.6,18.6,18.6,18.7,18.5717
2017/11/23 06:05,0.363,18.6,15.94,18.6,18.6,18.6,18.6,18.6,18.6,18.5714
2017/11/23 06:10,0.363,18.6,15.94,18.6,18.6,18.6,18.6,18.6,18.6,18.5714
2017/11/23 06:15,0.363,18.5,15.94,18.6,18.6,18.6,18.6,18.6,18.6,18.5714
2017/11/23 06:20,0.363,18.5,15.94,18.5,18.6,18.6,18.6,18.6,18.6,18.473
2017/11/23 06:25,0.363,18.5,15.96,18.5,18.5,18.6,18.6,18.6,18.6,18.4734
2017/11/23 06:30,0.363,18.5,15.96,18.5,18.5,18.5,18.6,18.6,18.6,18.4734
2017/11/23 06:35,0.363,18.4,15.96,18.5,18.5,18.5,18.5,18.6,18.6,18.4734
2017/11/23 06:40,0.363,18.4,15.96,18.4,18.5,18.5,18.5,18.5,18.6,18.375
2017/11/23 06:45,0.363,18.4,15.96,18.4,18.4,18.5,18.5,18.5,18.5,18.375
2017/11/23 06:50,0.363,18.4,15.96,18.4,18.4,18.4,18.5,18.5,18.5,18.375
2017/11/23 06:55,0.363,18.4,15.96,18.4,18.4,18.4,18.4,18.5,18.5,18.375
2017/11/23 07:00,0.363,18.4,15.96,18.4,18.4,18.4,18.4,18.4,18.5,18.375
2017/11/23 07:05,0.363,18.4,15.98,18.4,18.4,18.4,18.4,18.4,18.4,18.3753
2017/11/23 07:10,0.363,18.4,15.96,18.4,18.4,18.4,18.4,18.4,18.4,18.375
2017/11/23 07:15,0.363,18.4,16.01,18.4,18.4,18.4,18.4,18.4,18.4,18.3758
2017/11/23 07:20,0.363,18.4,16.01,18.4,18.4,18.4,18.4,18.4,18.4,18.3758
2017/11/23 07:25,0.363,18.4,16.03,18.4,18.4,18.4,18.4,18.4,18.4,18.3761
2017/11/23 07:30,0.363,18.3,16.08,18.4,18.4,18.4,18.4,18.4,18.4,18.3769
2017/11/23 07:35,0.363,18.3,16.1,18.3,18.4,18.4,18.4,18.4,18.4,18.2789
2017/11/23 07:40,0.363,18.3,16.1,18.3,18.3,18.4,18.4,18.4,18.4,18.2789
2017/11/23 07:45,0.363,18.3,16.1,18.3,18.3,18.3,18.4,18.4,18.4,18.2789
2017/11/23 07:50,0.362,18.3,16.1,18.3,18.3,18.3,18.3,18.4,18.4,18.2789
2017/11/23 07:55,0.362,18.3,16.08,18.3,18.3,18.3,18.3,18.3,18.4,18.2786
2017/11/23 08:00,0.363,18.3,16.08,18.3,18.3,18.3,18.3,18.3,18.3,18.2786
2017/11/23 08:05,0.363,18.3,16.1,18.3,18.3,18.3,18.3,18.3,18.3,18.2789
2017/11/23 08:10,0.363,18.2,16.1,18.3,18.3,18.3,18.3,18.3,18.3,18.2789
2017/11/23 08:15,0.363,18.2,16.08,18.2,18.3,18.3,18.3,18.3,18.3,18.1802
2017/11/23 08:20,0.363,18.2,16.1,18.2,18.2,18.3,18.3,18.3,18.3,18.1806
2017/11/23 08:25,0.363,18.2,16.13,18.2,18.2,18.2,18.3,18.3,18.3,18.181
2017/11/23 08:30,0.362,18.2,16.1,18.2,18.2,18.2,18.2,18.3,18.3,18.1806
2017/11/23 08:35,0.363,18.2,16.13,18.2,18.2,18.2,18.2,18.2,18.3,18.181
2017/11/23 08:40,0.362,18.2,16.08,18.2,18.2,18.2,18.2,18.2,18.2,18.1802
2017/11/23 08:45,0.362,18.2,16.06,18.2,18.2,18.2,18.2,18.2,18.2,18.1799
2017/11/23 08:50,0.363,18.2,16.01,18.2,18.2,18.2,18.2,18.2,18.2,18.1791
2017/11/23 08:55,0.363,18.2,16.01,18.2,18.2,18.2,18.2,18.2,18.2,18.1791
2017/11/23 09:00,0.362,18.2,16.01,18.2,18.2,18.2,18.2,18.2,18.2,18.1791
2017/11/23 09:05,0.362,18.2,16.03,18.2,18.2,18.2,18.2,18.2,18.2,18.1795
2017/11/23 09:10,0.362,18.2,16.06,18.2,18.2,18.2,18.2,18.2,18.2,18.1799
2017/11/23 09:15,0.362,18.2,16.08,18.2,18.2,18.2,18.2,18.2,18.2,18.1802
2017/11/23 09:20,0.362,18.2,16.03,18.2,18.2,18.2,18.2,18.2,18.2,18.1795
2017/11/23 09:25,0.362,18.1,16.03,18.2,18.2,18.2,18.2,18.2,18.2,18.1795
2017/11/23 09:30,0.362,18.1,16.03,18.1,18.2,18.2,18.2,18.2,18.2,18.0811
2017/11/23 09:35,0.362,18.1,16.01,18.1,18.1,18.2,18.2,18.2,18.2,18.0808
2017/11/23 09:40,0.362,18.1,16.01,18.1,18.1,18.1,18.2,18.2,18.2,18.0808
2017/11/23 09:45,0.362,18.1,16.03,18.1,18.1,18.1,18.1,18.2,18.2,18.0811
2017/11/23 09:50,0.362,18.1,16.08,18.1,18.1,18.1,18.1,18.1,18.2,18.0819
2017/11/23 09:55,0.362,18,16.1,18.1,18.1,18.1,18.1,18.1,18.1,18.0822
2017/11/23 10:00,0.362,18,16.13,18,18.1,18.1,18.1,18.1,18.1,17.9844
2017/11/23 10:05,0.362,18,16.13,18,18,18.1,18.1,18.1,18.1,17.9844
2017/11/23 10:10,0.362,18,16.15,18,18,18,18.1,18.1,18.1,17.9847
2017/11/23 10:15,0.362,18,16.17,18,18,18,18,18.1,18.1,17.985
2017/11/23 10:20,0.362,18,16.15,18,18,18,18,18,18.1,17.9847
2017/11/23 10:25,0.362,18,16.2,18,18,18,18,18,18,17.9855
2017/11/23 10:30,0.362,18,16.22,18,18,18,18,18,18,17.9858
2017/11/23 10:35,0.362,18,16.2,18,18,18,18,18,18,17.9855
2017/11/23 10:40,0.362,18,16.27,18,18,18,18,18,18,17.9866
2017/11/23 10:45,0.362,18,16.29,18,18,18,18,18,18,17.9869
2017/11/23 10:50,0.362,18,16.25,18,18,18,18,18,18,17.9863
2017/11/23 10:55,0.362,18,16.25,18,18,18,18,18,18,17.9863
2017/11/23 11:00,0.362,18,16.25,18,18,18,18,18,18,17.9863
2017/11/23 11:05,0.362,18,16.22,18,18,18,18,18,18,17.9858
2017/11/23 11:10,0.362,18,16.25,18,18,18,18,18,18,17.9863
2017/11/23 11:15,0.362,18,16.29,18,18,18,18,18,18,17.9869
2017/11/23 11:20,0.362,18,16.29,18,18,18,18,18,18,17.9869
2017/11/23 11:25,0.362,18,16.29,18,18,18,18,18,18,17.9869
2017/11/23 11:30,0.362,18,16.34,18,18,18,18,18,18,17.9877
2017/11/23 11:35,0.362,18,16.34,18,18,18,18,18,18,17.9877
2017/11/23 11:40,0.362,18,16.32,18,18,18,18,18,18,17.9874
2017/11/23 11:45,0.362,18,16.27,18,18,18,18,18,18,17.9866
2017/11/23 11:50,0.362,18,16.27,18,18,18,18,18,18,17.9866
2017/11/23 11:55,0.361,18,16.25,18,18,18,18,18,18,17.9863
2017/11/23 12:00,0.361,18,16.25,18,18,18,18,18,18,17.9863
2017/11/23 12:05,0.362,18,16.22,18,18,18,18,18,18,17.9858
2017/11/23 12:10,0.361,18,16.22,18,18,18,18,18,18,17.9858
2017/11/23 12:15,0.361,17.9,16.2,18,18,18,18,18,18,17.9855
2017/11/23 12:20,0.361,18,16.22,17.9,18,18,18,18,18,17.8875
2017/11/23 12:25,0.361,18,16.25,18,17.9,18,18,18,18,17.9863
2017/11/23 12:30,0.361,17.9,16.27,18,18,17.9,18,18,18,17.9866
2017/11/23 12:35,0.361,17.9,16.27,17.9,18,18,17.9,18,18,17.8882
2017/11/23 12:40,0.361,17.9,16.27,17.9,17.9,18,18,17.9,18,17.8882
2017/11/23 12:45,0.361,17.9,16.32,17.9,17.9,17.9,18,18,17.9,17.889
2017/11/23 12:50,0.361,18,16.37,17.9,17.9,17.9,17.9,18,18,17.8898
2017/11/23 12:55,0.361,18,16.41,18,17.9,17.9,17.9,17.9,18,17.9888
2017/11/23 13:00,0.361,18,16.44,18,18,17.9,17.9,17.9,17.9,17.9893
2017/11/23 13:05,0.361,18,16.44,18,18,18,17.9,17.9,17.9,17.9893
2017/11/23 13:10,0.361,17.9,16.41,18,18,18,18,17.9,17.9,17.9888
2017/11/23 13:15,0.361,17.9,16.41,17.9,18,18,18,18,17.9,17.8905
2017/11/23 13:20,0.361,17.9,16.44,17.9,17.9,18,18,18,18,17.891
2017/11/23 13:25,0.361,17.9,16.44,17.9,17.9,17.9,18,18,18,17.891
2017/11/23 13:30,0.361,17.9,16.41,17.9,17.9,17.9,17.9,18,18,17.8905
2017/11/23 13:35,0.361,17.9,16.44,17.9,17.9,17.9,17.9,17.9,18,17.891
2017/11/23 13:40,0.361,17.9,16.39,17.9,17.9,17.9,17.9,17.9,17.9,17.8902
2017/11/23 13:45,0.361,17.9,16.39,17.9,17.9,17.9,17.9,17.9,17.9,17.8902
2017/11/23 13:50,0.361,17.9,16.37,17.9,17.9,17.9,17.9,17.9,17.9,17.8898
2017/11/23 13:55,0.36,17.9,16.37,17.9,17.9,17.9,17.9,17.9,17.9,17.8898
2017/11/23 14:00,0.361,17.9,16.37,17.9,17.9,17.9,17.9,17.9,17.9,17.8898
2017/11/23 14:05,0.36,17.9,16.37,17.9,17.9,17.9,17.9,17.9,17.9,17.8898
2017/11/23 14:10,0.36,17.9,16.39,17.9,17.9,17.9,17.9,17.9,17.9,17.8902
2017/11/23 14:15,0.36,17.9,16.39,17.9,17.9,17.9,17.9,17.9,17.9,17.8902
2017/11/23 14:20,0.36,17.8,16.39,17.9,17.9,17.9,17.9,17.9,17.9,17.8902
2017/11/23 14:25,0.36,17.8,16.39,17.8,17.9,17.9,17.9,17.9,17.9,17.7918
2017/11/23 14:30,0.36,17.8,16.37,17.8,17.8,17.9,17.9,17.9,17.9,17.7915
2017/11/23 14:35,0.36,17.8,16.34,17.8,17.8,17.8,17.9,17.9,17.9,17.791
2017/11/23 14:40,0.36,17.8,16.29,17.8,17.8,17.8,17.8,17.9,17.9,17.7902
2017/11/23 14:45,0.36,17.8,16.29,17.8,17.8,17.8,17.8,17.8,17.9,17.7902
2017/11/23 14:50,0.36,17.8,16.29,17.8,17.8,17.8,17.8,17.8,17.8,17.7902
2017/11/23 14:55,0.36,17.8,16.27,17.8,17.8,17.8,17.8,17.8,17.8,17.7899
2017/11/23 15:00,0.36,17.8,16.25,17.8,17.8,17.8,17.8,17.8,17.8,17.7896
2017/11/23 15:05,0.36,17.8,16.22,17.8,17.8,17.8,17.8,17.8,17.8,17.7891
2017/11/23 15:10,0.36,17.8,16.2,17.8,17.8,17.8,17.8,17.8,17.8,17.7888
2017/11/23 15:15,0.36,17.7,16.2,17.8,17.8,17.8,17.8,17.8,17.8,17.7888
2017/11/23 15:20,0.36,17.7,16.15,17.7,17.8,17.8,17.8,17.8,17.8,17.6897
2017/11/23 15:25,0.36,17.7,16.15,17.7,17.7,17.8,17.8,17.8,17.8,17.6897
2017/11/23 15:30,0.36,17.7,16.13,17.7,17.7,17.7,17.8,17.8,17.8,17.6893
2017/11/23 15:35,0.36,17.7,16.1,17.7,17.7,17.7,17.7,17.8,17.8,17.6889
2017/11/23 15:40,0.36,17.7,16.08,17.7,17.7,17.7,17.7,17.7,17.8,17.6885
2017/11/23 15:45,0.36,17.7,16.1,17.7,17.7,17.7,17.7,17.7,17.7,17.6889
2017/11/23 15:50,0.36,17.7,16.1,17.7,17.7,17.7,17.7,17.7,17.7,17.6889
2017/11/23 15:55,0.36,17.7,16.13,17.7,17.7,17.7,17.7,17.7,17.7,17.6893
2017/11/23 16:00,0.36,17.6,16.1,17.7,17.7,17.7,17.7,17.7,17.7,17.6889
2017/11/23 16:05,0.36,17.6,16.1,17.6,17.7,17.7,17.7,17.7,17.7,17.5905
2017/11/23 16:10,0.36,17.6,16.13,17.6,17.6,17.7,17.7,17.7,17.7,17.591
2017/11/23 16:15,0.36,17.6,16.15,17.6,17.6,17.6,17.7,17.7,17.7,17.5913
2017/11/23 16:20,0.36,17.6,16.15,17.6,17.6,17.6,17.6,17.7,17.7,17.5913
2017/11/23 16:25,0.36,17.6,16.1,17.6,17.6,17.6,17.6,17.6,17.7,17.5905
2017/11/23 16:30,0.36,17.6,16.08,17.6,17.6,17.6,17.6,17.6,17.6,17.5902
2017/11/23 16:35,0.359,17.6,16.06,17.6,17.6,17.6,17.6,17.6,17.6,17.5899
2017/11/23 16:40,0.36,17.6,16.06,17.6,17.6,17.6,17.6,17.6,17.6,17.5899
2017/11/23 16:45,0.36,17.6,16.06,17.6,17.6,17.6,17.6,17.6,17.6,17.5899
2017/11/23 16:50,0.359,17.6,16.1,17.6,17.6,17.6,17.6,17.6,17.6,17.5905
2017/11/23 16:55,0.36,17.6,16.13,17.6,17.6,17.6,17.6,17.6,17.6,17.591
2017/11/23 17:00,0.36,17.6,16.15,17.6,17.6,17.6,17.6,17.6,17.6,17.5913
2017/11/23 17:05,0.359,17.5,16.15,17.6,17.6,17.6,17.6,17.6,17.6,17.5913
2017/11/23 17:10,0.36,17.5,16.2,17.5,17.6,17.6,17.6,17.6,17.6,17.4938
2017/11/23 17:15,0.359,17.5,16.22,17.5,17.5,17.6,17.6,17.6,17.6,17.4941
2017/11/23 17:20,0.359,17.5,16.25,17.5,17.5,17.5,17.6,17.6,17.6,17.4946
2017/11/23 17:25,0.359,17.5,16.27,17.5,17.5,17.5,17.5,17.6,17.6,17.4949
2017/11/23 17:30,0.359,17.5,16.27,17.5,17.5,17.5,17.5,17.5,17.6,17.4949
2017/11/23 17:35,0.359,17.5,16.29,17.5,17.5,17.5,17.5,17.5,17.5,17.4952
2017/11/23 17:40,0.36,17.5,16.32,17.5,17.5,17.5,17.5,17.5,17.5,17.4957
2017/11/23 17:45,0.359,17.5,16.34,17.5,17.5,17.5,17.5,17.5,17.5,17.496
2017/11/23 17:50,0.359,17.5,16.37,17.5,17.5,17.5,17.5,17.5,17.5,17.4965
2017/11/23 17:55,0.359,17.5,16.44,17.5,17.5,17.5,17.5,17.5,17.5,17.4976
2017/11/23 18:00,0.359,17.5,16.48,17.5,17.5,17.5,17.5,17.5,17.5,17.4982
2017/11/23 18:05,0.359,17.5,16.51,17.5,17.5,17.5,17.5,17.5,17.5,17.4987
2017/11/23 18:10,0.359,17.5,16.53,17.5,17.5,17.5,17.5,17.5,17.5,17.499
2017/11/23 18:15,0.359,17.4,16.58,17.5,17.5,17.5,17.5,17.5,17.5,17.4998
2017/11/23 18:20,0.359,17.4,16.63,17.4,17.5,17.5,17.5,17.5,17.5,17.4023
2017/11/23 18:25,0.359,17.4,16.68,17.4,17.4,17.5,17.5,17.5,17.5,17.4031
2017/11/23 18:30,0.359,17.4,16.68,17.4,17.4,17.4,17.5,17.5,17.5,17.4031
2017/11/23 18:35,0.359,17.4,16.7,17.4,17.4,17.4,17.4,17.5,17.5,17.4034
2017/11/23 18:40,0.359,17.4,16.7,17.4,17.4,17.4,17.4,17.4,17.5,17.4034
2017/11/23 18:45,0.359,17.4,16.68,17.4,17.4,17.4,17.4,17.4,17.4,17.4031
2017/11/23 18:50,0.359,17.4,16.77,17.4,17.4,17.4,17.4,17.4,17.4,17.4045
2017/11/23 18:55,0.359,17.4,16.84,17.4,17.4,17.4,17.4,17.4,17.4,17.4056
2017/11/23 19:00,0.359,17.4,16.91,17.4,17.4,17.4,17.4,17.4,17.4,17.4067
2017/11/23 19:05,0.359,17.4,16.91,17.4,17.4,17.4,17.4,17.4,17.4,17.4067
2017/11/23 19:10,0.359,17.4,16.94,17.4,17.4,17.4,17.4,17.4,17.4,17.4072
2017/11/23 19:15,0.359,17.4,16.98,17.4,17.4,17.4,17.4,17.4,17.4,17.4078
2017/11/23 19:20,0.359,17.4,17.03,17.4,17.4,17.4,17.4,17.4,17.4,17.4086
2017/11/23 19:25,0.359,17.4,17.08,17.4,17.4,17.4,17.4,17.4,17.4,17.4094
2017/11/23 19:30,0.359,17.4,17.1,17.4,17.4,17.4,17.4,17.4,17.4,17.4098
2017/11/23 19:35,0.359,17.4,17.1,17.4,17.4,17.4,17.4,17.4,17.4,17.4098
2017/11/23 19:40,0.359,17.4,17.15,17.4,17.4,17.4,17.4,17.4,17.4,17.4106
2017/11/23 19:45,0.359,17.4,17.1,17.4,17.4,17.4,17.4,17.4,17.4,17.4098
2017/11/23 19:50,0.359,17.4,17.06,17.4,17.4,17.4,17.4,17.4,17.4,17.4091
2017/11/23 19:55,0.359,17.4,17.06,17.4,17.4,17.4,17.4,17.4,17.4,17.4091
2017/11/23 20:00,0.359,17.4,17.1,17.4,17.4,17.4,17.4,17.4,17.4,17.4098
2017/11/23 20:05,0.359,17.4,17.13,17.4,17.4,17.4,17.4,17.4,17.4,17.4102
2017/11/23 20:10,0.359,17.4,17.15,17.4,17.4,17.4,17.4,17.4,17.4,17.4106
2017/11/23 20:15,0.359,17.4,17.2,17.4,17.4,17.4,17.4,17.4,17.4,17.4113
2017/11/23 20:20,0.359,17.4,17.2,17.4,17.4,17.4,17.4,17.4,17.4,17.4113
2017/11/23 20:25,0.359,17.4,17.18,17.4,17.4,17.4,17.4,17.4,17.4,17.411
2017/11/23 20:30,0.359,17.3,17.18,17.4,17.4,17.4,17.4,17.4,17.4,17.411
2017/11/23 20:35,0.359,17.4,17.15,17.3,17.4,17.4,17.4,17.4,17.4,17.3122
2017/11/23 20:40,0.359,17.4,17.1,17.4,17.3,17.4,17.4,17.4,17.4,17.4098
2017/11/23 20:45,0.359,17.4,17.13,17.4,17.4,17.3,17.4,17.4,17.4,17.4102
2017/11/23 20:50,0.359,17.4,17.13,17.4,17.4,17.4,17.3,17.4,17.4,17.4102
2017/11/23 20:55,0.359,17.4,17.1,17.4,17.4,17.4,17.4,17.3,17.4,17.4098
2017/11/23 21:00,0.359,17.4,17.08,17.4,17.4,17.4,17.4,17.4,17.3,17.4094
2017/11/23 21:05,0.359,17.3,17.06,17.4,17.4,17.4,17.4,17.4,17.4,17.4091
2017/11/23 21:10,0.359,17.4,17.03,17.3,17.4,17.4,17.4,17.4,17.4,17.3103
2017/11/23 21:15,0.359,17.4,17.01,17.4,17.3,17.4,17.4,17.4,17.4,17.4083
2017/11/23 21:20,0.359,17.3,17.01,17.4,17.4,17.3,17.4,17.4,17.4,17.4083
2017/11/23 21:25,0.359,17.3,17.01,17.3,17.4,17.4,17.3,17.4,17.4,17.31
2017/11/23 21:30,0.359,17.3,17.03,17.3,17.3,17.4,17.4,17.3,17.4,17.3103
2017/11/23 21:35,0.359,17.3,17.08,17.3,17.3,17.3,17.4,17.4,17.3,17.3111
2017/11/23 21:40,0.359,17.4,17.13,17.3,17.3,17.3,17.3,17.4,17.4,17.3119
2017/11/23 21:45,0.359,17.3,17.13,17.4,17.3,17.3,17.3,17.3,17.4,17.4102
2017/11/23 21:50,0.359,17.3,17.13,17.3,17.4,17.3,17.3,17.3,17.3,17.3119
2017/11/23 21:55,0.359,17.3,17.13,17.3,17.3,17.4,17.3,17.3,17.3,17.3119
2017/11/23 22:00,0.359,17.3,17.2,17.3,17.3,17.3,17.4,17.3,17.3,17.313
2017/11/23 22:05,0.359,17.3,17.22,17.3,17.3,17.3,17.3,17.4,17.3,17.3133
2017/11/23 22:10,0.359,17.3,17.25,17.3,17.3,17.3,17.3,17.3,17.4,17.3138
2017/11/23 22:15,0.359,17.3,17.27,17.3,17.3,17.3,17.3,17.3,17.3,17.3141
2017/11/23 22:20,0.359,17.3,17.22,17.3,17.3,17.3,17.3,17.3,17.3,17.3133
2017/11/23 22:25,0.359,17.3,17.22,17.3,17.3,17.3,17.3,17.3,17.3,17.3133
2017/11/23 22:30,0.359,17.3,17.25,17.3,17.3,17.3,17.3,17.3,17.3,17.3138
2017/11/23 22:35,0.359,17.3,17.27,17.3,17.3,17.3,17.3,17.3,17.3,17.3141
2017/11/23 22:40,0.359,17.3,17.29,17.3,17.3,17.3,17.3,17.3,17.3,17.3144
2017/11/23 22:45,0.359,17.3,17.27,17.3,17.3,17.3,17.3,17.3,17.3,17.3141
2017/11/23 22:50,0.359,17.3,17.29,17.3,17.3,17.3,17.3,17.3,17.3,17.3144
2017/11/23 22:55,0.359,17.3,17.27,17.3,17.3,17.3,17.3,17.3,17.3,17.3141
2017/11/23 23:00,0.359,17.3,17.27,17.3,17.3,17.3,17.3,17.3,17.3,17.3141
2017/11/23 23:05,0.359,17.3,17.25,17.3,17.3,17.3,17.3,17.3,17.3,17.3138
2017/11/23 23:10,0.359,17.3,17.25,17.3,17.3,17.3,17.3,17.3,17.3,17.3138
2017/11/23 23:15,0.359,17.3,17.29,17.3,17.3,17.3,17.3,17.3,17.3,17.3144
2017/11/23 23:20,0.359,17.3,17.29,17.3,17.3,17.3,17.3,17.3,17.3,17.3144
2017/11/23 23:25,0.359,17.3,17.27,17.3,17.3,17.3,17.3,17.3,17.3,17.3141
2017/11/23 23:30,0.359,17.3,17.22,17.3,17.3,17.3,17.3,17.3,17.3,17.3133
2017/11/23 23:35,0.359,17.3,17.2,17.3,17.3,17.3,17.3,17.3,17.3,17.313
2017/11/23 23:40,0.359,17.3,17.2,17.3,17.3,17.3,17.3,17.3,17.3,17.313
2017/11/23 23:45,0.359,17.3,17.18,17.3,17.3,17.3,17.3,17.3,17.3,17.3127
2017/11/23 23:50,0.358,17.3,17.18,17.3,17.3,17.3,17.3,17.3,17.3,17.3127
2017/11/23 23:55,0.359,17.3,17.18,17.3,17.3,17.3,17.3,17.3,17.3,17.3127
2017/11/24 00:00,0.358,17.3,17.15,17.3,17.3,17.3,17.3,17.3,17.3,17.3122
2017/11/24 00:05,0.359,17.3,17.15,17.3,17.3,17.3,17.3,17.3,17.3,17.3122
2017/11/24 00:10,0.359,17.2,17.15,17.3,17.3,17.3,17.3,17.3,17.3,17.3122
2017/11/24 00:15,0.358,17.3,17.15,17.2,17.3,17.3,17.3,17.3,17.3,17.2139
2017/11/24 00:20,0.358,17.3,17.15,17.3,17.2,17.3,17.3,17.3,17.3,17.3122
2017/11/24 00:25,0.359,17.3,17.2,17.3,17.3,17.2,17.3,17.3,17.3,17.313
2017/11/24 00:30,0.358,17.2,17.29,17.3,17.3,17.3,17.2,17.3,17.3,17.3144
2017/11/24 00:35,0.358,17.3,17.37,17.2,17.3,17.3,17.3,17.2,17.3,17.2174
2017/11/24 00:40,0.358,17.3,17.41,17.3,17.2,17.3,17.3,17.3,17.2,17.3164
2017/11/24 00:45,0.358,17.3,17.48,17.3,17.3,17.2,17.3,17.3,17.3,17.3175
2017/11/24 00:50,0.358,17.3,17.53,17.3,17.3,17.3,17.2,17.3,17.3,17.3183
2017/11/24 00:55,0.358,17.3,17.67,17.3,17.3,17.3,17.3,17.2,17.3,17.3205
2017/11/24 01:00,0.358,17.3,17.77,17.3,17.3,17.3,17.3,17.3,17.2,17.3221
2017/11/24 01:05,0.358,17.3,17.82,17.3,17.3,17.3,17.3,17.3,17.3,17.3229
2017/11/24 01:10,0.358,17.3,17.84,17.3,17.3,17.3,17.3,17.3,17.3,17.3232
2017/11/24 01:15,0.358,17.3,17.87,17.3,17.3,17.3,17.3,17.3,17.3,17.3237
2017/11/24 01:20,0.359,17.3,17.84,17.3,17.3,17.3,17.3,17.3,17.3,17.3232
2017/11/24 01:25,0.358,17.3,17.77,17.3,17.3,17.3,17.3,17.3,17.3,17.3221
2017/11/24 01:30,0.358,17.4,17.7,17.3,17.3,17.3,17.3,17.3,17.3,17.321
2017/11/24 01:35,0.358,17.3,17.65,17.4,17.3,17.3,17.3,17.3,17.3,17.4185
2017/11/24 01:40,0.358,17.4,17.56,17.3,17.4,17.3,17.3,17.3,17.3,17.3187
2017/11/24 01:45,0.358,17.3,17.48,17.4,17.3,17.4,17.3,17.3,17.3,17.4158
2017/11/24 01:50,0.358,17.3,17.41,17.3,17.4,17.3,17.4,17.3,17.3,17.3164
2017/11/24 01:55,0.358,17.3,17.37,17.3,17.3,17.4,17.3,17.4,17.3,17.3157
2017/11/24 02:00,0.358,17.3,17.29,17.3,17.3,17.3,17.4,17.3,17.4,17.3144
2017/11/24 02:05,0.358,17.3,17.25,17.3,17.3,17.3,17.3,17.4,17.3,17.3138
2017/11/24 02:10,0.358,17.3,17.18,17.3,17.3,17.3,17.3,17.3,17.4,17.3127
2017/11/24 02:15,0.358,17.3,17.15,17.3,17.3,17.3,17.3,17.3,17.3,17.3122
2017/11/24 02:20,0.358,17.3,17.13,17.3,17.3,17.3,17.3,17.3,17.3,17.3119
2017/11/24 02:25,0.358,17.3,17.1,17.3,17.3,17.3,17.3,17.3,17.3,17.3114
2017/11/24 02:30,0.358,17.3,17.1,17.3,17.3,17.3,17.3,17.3,17.3,17.3114
2017/11/24 02:35,0.358,17.3,17.08,17.3,17.3,17.3,17.3,17.3,17.3,17.3111
2017/11/24 02:40,0.358,17.3,17.08,17.3,17.3,17.3,17.3,17.3,17.3,17.3111
2017/11/24 02:45,0.358,17.3,17.1,17.3,17.3,17.3,17.3,17.3,17.3,17.3114
2017/11/24 02:50,0.358,17.3,17.18,17.3,17.3,17.3,17.3,17.3,17.3,17.3127
2017/11/24 02:55,0.358,17.3,17.22,17.3,17.3,17.3,17.3,17.3,17.3,17.3133
2017/11/24 03:00,0.358,17.3,17.22,17.3,17.3,17.3,17.3,17.3,17.3,17.3133
2017/11/24 03:05,0.358,17.3,17.22,17.3,17.3,17.3,17.3,17.3,17.3,17.3133
2017/11/24 03:10,0.358,17.3,17.25,17.3,17.3,17.3,17.3,17.3,17.3,17.3138
2017/11/24 03:15,0.358,17.3,17.27,17.3,17.3,17.3,17.3,17.3,17.3,17.3141
2017/11/24 03:20,0.358,17.3,17.27,17.3,17.3,17.3,17.3,17.3,17.3,17.3141
2017/11/24 03:25,0.358,17.3,17.32,17.3,17.3,17.3,17.3,17.3,17.3,17.3149
2017/11/24 03:30,0.358,17.3,17.37,17.3,17.3,17.3,17.3,17.3,17.3,17.3157
2017/11/24 03:35,0.358,17.3,17.41,17.3,17.3,17.3,17.3,17.3,17.3,17.3164
2017/11/24 03:40,0.358,17.3,17.44,17.3,17.3,17.3,17.3,17.3,17.3,17.3168
2017/11/24 03:45,0.358,17.3,17.44,17.3,17.3,17.3,17.3,17.3,17.3,17.3168
2017/11/24 03:50,0.358,17.3,17.44,17.3,17.3,17.3,17.3,17.3,17.3,17.3168
2017/11/24 03:55,0.358,17.3,17.44,17.3,17.3,17.3,17.3,17.3,17.3,17.3168
2017/11/24 04:00,0.358,17.3,17.48,17.3,17.3,17.3,17.3,17.3,17.3,17.3175
2017/11/24 04:05,0.358,17.3,17.48,17.3,17.3,17.3,17.3,17.3,17.3,17.3175
2017/11/24 04:10,0.358,17.3,17.51,17.3,17.3,17.3,17.3,17.3,17.3,17.3179
2017/11/24 04:15,0.358,17.3,17.51,17.3,17.3,17.3,17.3,17.3,17.3,17.3179
2017/11/24 04:20,0.358,17.3,17.51,17.3,17.3,17.3,17.3,17.3,17.3,17.3179
2017/11/24 04:25,0.358,17.3,17.53,17.3,17.3,17.3,17.3,17.3,17.3,17.3183
2017/11/24 04:30,0.358,17.3,17.53,17.3,17.3,17.3,17.3,17.3,17.3,17.3183
2017/11/24 04:35,0.358,17.4,17.58,17.3,17.3,17.3,17.3,17.3,17.3,17.3191
2017/11/24 04:40,0.358,17.3,17.6,17.4,17.3,17.3,17.3,17.3,17.3,17.4177
2017/11/24 04:45,0.358,17.3,17.56,17.3,17.4,17.3,17.3,17.3,17.3,17.3187
2017/11/24 04:50,0.358,17.3,17.56,17.3,17.3,17.4,17.3,17.3,17.3,17.3187
2017/11/24 04:55,0.358,17.3,17.51,17.3,17.3,17.3,17.4,17.3,17.3,17.3179
2017/11/24 05:00,0.358,17.3,17.56,17.3,17.3,17.3,17.3,17.4,17.3,17.3187
2017/11/24 05:05,0.358,17.3,17.56,17.3,17.3,17.3,17.3,17.3,17.4,17.3187
2017/11/24 05:10,0.358,17.3,17.53,17.3,17.3,17.3,17.3,17.3,17.3,17.3183
2017/11/24 05:15,0.358,17.4,17.46,17.3,17.3,17.3,17.3,17.3,17.3,17.3171
2017/11/24 05:20,0.358,17.3,17.41,17.4,17.3,17.3,17.3,17.3,17.3,17.4147
2017/11/24 05:25,0.358,17.3,17.37,17.3,17.4,17.3,17.3,17.3,17.3,17.3157
2017/11/24 05:30,0.358,17.3,17.32,17.3,17.3,17.4,17.3,17.3,17.3,17.3149
2017/11/24 05:35,0.358,17.3,17.29,17.3,17.3,17.3,17.4,17.3,17.3,17.3144
2017/11/24 05:40,0.358,17.3,17.29,17.3,17.3,17.3,17.3,17.4,17.3,17.3144
2017/11/24 05:45,0.358,17.3,17.27,17.3,17.3,17.3,17.3,17.3,17.4,17.3141
2017/11/24 05:50,0.358,17.3,17.25,17.3,17.3,17.3,17.3,17.3,17.3,17.3138
2017/11/24 05:55,0.358,17.3,17.22,17.3,17.3,17.3,17.3,17.3,17.3,17.3133
2017/11/24 06:00,0.358,17.3,17.22,17.3,17.3,17.3,17.3,17.3,17.3,17.3133
2017/11/24 06:05,0.358,17.3,17.22,17.3,17.3,17.3,17.3,17.3,17.3,17.3133
2017/11/24 06:10,0.358,17.3,17.22,17.3,17.3,17.3,17.3,17.3,17.3,17.3133
2017/11/24 06:15,0.358,17.3,17.22,17.3,17.3,17.3,17.3,17.3,17.3,17.3133
2017/11/24 06:20,0.358,17.3,17.25,17.3,17.3,17.3,17.3,17.3,17.3,17.3138
2017/11/24 06:25,0.358,17.3,17.25,17.3,17.3,17.3,17.3,17.3,17.3,17.3138
2017/11/24 06:30,0.358,17.3,17.25,17.3,17.3,17.3,17.3,17.3,17.3,17.3138
2017/11/24 06:35,0.358,17.3,17.25,17.3,17.3,17.3,17.3,17.3,17.3,17.3138
2017/11/24 06:40,0.358,17.3,17.27,17.3,17.3,17.3,17.3,17.3,17.3,17.3141
2017/11/24 06:45,0.357,17.3,17.29,17.3,17.3,17.3,17.3,17.3,17.3,17.3144
2017/11/24 06:50,0.357,17.3,17.27,17.3,17.3,17.3,17.3,17.3,17.3,17.3141
2017/11/24 06:55,0.357,17.3,17.27,17.3,17.3,17.3,17.3,17.3,17.3,17.3141
2017/11/24 07:00,0.357,17.3,17.34,17.3,17.3,17.3,17.3,17.3,17.3,17.3152
2017/11/24 07:05,0.358,17.3,17.39,17.3,17.3,17.3,17.3,17.3,17.3,17.316
2017/11/24 07:10,0.358,17.3,17.41,17.3,17.3,17.3,17.3,17.3,17.3,17.3164
2017/11/24 07:15,0.357,17.3,17.46,17.3,17.3,17.3,17.3,17.3,17.3,17.3171
2017/11/24 07:20,0.357,17.4,17.53,17.3,17.3,17.3,17.3,17.3,17.3,17.3183
2017/11/24 07:25,0.357,17.3,17.63,17.4,17.3,17.3,17.3,17.3,17.3,17.4182
2017/11/24 07:30,0.357,17.3,17.75,17.3,17.4,17.3,17.3,17.3,17.3,17.3218
2017/11/24 07:35,0.357,17.4,17.82,17.3,17.3,17.4,17.3,17.3,17.3,17.3229
2017/11/24 07:40,0.357,17.4,17.84,17.4,17.3,17.3,17.4,17.3,17.3,17.4215
2017/11/24 07:45,0.357,17.4,17.87,17.4,17.4,17.3,17.3,17.4,17.3,17.422
2017/11/24 07:50,0.357,17.4,17.84,17.4,17.4,17.4,17.3,17.3,17.4,17.4215
2017/11/24 07:55,0.357,17.4,17.87,17.4,17.4,17.4,17.4,17.3,17.3,17.422
2017/11/24 08:00,0.357,17.4,17.87,17.4,17.4,17.4,17.4,17.4,17.3,17.422
2017/11/24 08:05,0.357,17.4,17.91,17.4,17.4,17.4,17.4,17.4,17.4,17.4227
2017/11/24 08:10,0.357,17.4,17.94,17.4,17.4,17.4,17.4,17.4,17.4,17.4231
2017/11/24 08:15,0.357,17.4,17.94,17.4,17.4,17.4,17.4,17.4,17.4,17.4231
2017/11/24 08:20,0.357,17.4,17.98,17.4,17.4,17.4,17.4,17.4,17.4,17.4238
2017/11/24 08:25,0.357,17.4,18.01,17.4,17.4,17.4,17.4,17.4,17.4,17.4243
2017/11/24 08:30,0.357,17.4,17.98,17.4,17.4,17.4,17.4,17.4,17.4,17.4238
2017/11/24 08:35,0.357,17.4,17.94,17.4,17.4,17.4,17.4,17.4,17.4,17.4231
2017/11/24 08:40,0.357,17.5,17.94,17.4,17.4,17.4,17.4,17.4,17.4,17.4231
2017/11/24 08:45,0.357,17.5,17.91,17.5,17.4,17.4,17.4,17.4,17.4,17.521
2017/11/24 08:50,0.357,17.5,17.89,17.5,17.5,17.4,17.4,17.4,17.4,17.5207
2017/11/24 08:55,0.357,17.5,17.87,17.5,17.5,17.5,17.4,17.4,17.4,17.5204
2017/11/24 09:00,0.357,17.5,17.84,17.5,17.5,17.5,17.5,17.4,17.4,17.5199
2017/11/24 09:05,0.357,17.5,17.79,17.5,17.5,17.5,17.5,17.5,17.4,17.5191
2017/11/24 09:10,0.357,17.5,17.72,17.5,17.5,17.5,17.5,17.5,17.5,17.518
2017/11/24 09:15,0.357,17.5,17.67,17.5,17.5,17.5,17.5,17.5,17.5,17.5172
2017/11/24 09:20,0.357,17.5,17.65,17.5,17.5,17.5,17.5,17.5,17.5,17.5169
2017/11/24 09:25,0.357,17.6,17.65,17.5,17.5,17.5,17.5,17.5,17.5,17.5169
2017/11/24 09:30,0.357,17.6,17.65,17.6,17.5,17.5,17.5,17.5,17.5,17.6152
2017/11/24 09:35,0.356,17.6,17.67,17.6,17.6,17.5,17.5,17.5,17.5,17.6155
2017/11/24 09:40,0.356,17.6,17.7,17.6,17.6,17.6,17.5,17.5,17.5,17.616
2017/11/24 09:45,0.356,17.6,17.75,17.6,17.6,17.6,17.6,17.5,17.5,17.6168
2017/11/24 09:50,0.356,17.6,17.79,17.6,17.6,17.6,17.6,17.6,17.5,17.6174
2017/11/24 09:55,0.356,17.6,17.89,17.6,17.6,17.6,17.6,17.6,17.6,17.619
2017/11/24 10:00,0.356,17.6,17.98,17.6,17.6,17.6,17.6,17.6,17.6,17.6205
2017/11/24 10:05,0.356,17.6,18.01,17.6,17.6,17.6,17.6,17.6,17.6,17.6209
2017/11/24 10:10,0.356,17.6,18.06,17.6,17.6,17.6,17.6,17.6,17.6,17.6217
2017/11/24 10:15,0.356,17.6,18.1,17.6,17.6,17.6,17.6,17.6,17.6,17.6224
2017/11/24 10:20,0.356,17.7,18.03,17.6,17.6,17.6,17.6,17.6,17.6,17.6213
2017/11/24 10:25,0.356,17.7,17.98,17.7,17.6,17.6,17.6,17.6,17.6,17.7188
2017/11/24 10:30,0.356,17.7,17.91,17.7,17.7,17.6,17.6,17.6,17.6,17.7177
2017/11/24 10:35,0.356,17.7,17.87,17.7,17.7,17.7,17.6,17.6,17.6,17.717
2017/11/24 10:40,0.356,17.7,17.82,17.7,17.7,17.7,17.7,17.6,17.6,17.7163
2017/11/24 10:45,0.355,17.7,17.77,17.7,17.7,17.7,17.7,17.7,17.6,17.7155
2017/11/24 10:50,0.356,17.7,17.75,17.7,17.7,17.7,17.7,17.7,17.7,17.7151
2017/11/24 10:55,0.355,17.6,17.72,17.7,17.7,17.7,17.7,17.7,17.7,17.7147
2017/11/24 11:00,0.355,17.7,17.67,17.6,17.7,17.7,17.7,17.7,17.7,17.6155
2017/11/24 11:05,0.356,17.6,17.63,17.7,17.6,17.7,17.7,17.7,17.7,17.7132
2017/11/24 11:10,0.355,17.6,17.58,17.6,17.7,17.6,17.7,17.7,17.7,17.6141
2017/11/24 11:15,0.355,17.7,17.58,17.6,17.6,17.7,17.6,17.7,17.7,17.6141
2017/11/24 11:20,0.355,17.7,17.63,17.7,17.6,17.6,17.7,17.6,17.7,17.7132
2017/11/24 11:25,0.355,17.7,17.63,17.7,17.7,17.6,17.6,17.7,17.6,17.7132
2017/11/24 11:30,0.355,17.7,17.7,17.7,17.7,17.7,17.6,17.6,17.7,17.7143
2017/11/24 11:35,0.355,17.8,17.77,17.7,17.7,17.7,17.7,17.6,17.6,17.7155
2017/11/24 11:40,0.355,17.8,17.87,17.8,17.7,17.7,17.7,17.7,17.6,17.8154
2017/11/24 11:45,0.355,17.8,17.96,17.8,17.8,17.7,17.7,17.7,17.7,17.8168
2017/11/24 11:50,0.355,17.8,18.01,17.8,17.8,17.8,17.7,17.7,17.7,17.8176
2017/11/24 11:55,0.355,17.9,18.08,17.8,17.8,17.8,17.8,17.7,17.7,17.8187
2017/11/24 12:00,0.355,17.8,18.08,17.9,17.8,17.8,17.8,17.8,17.7,17.9171
2017/11/24 12:05,0.355,17.9,18.1,17.8,17.9,17.8,17.8,17.8,17.8,17.8191
2017/11/24 12:10,0.355,17.9,18.06,17.9,17.8,17.9,17.8,17.8,17.8,17.9168
2017/11/24 12:15,0.355,17.9,18.01,17.9,17.9,17.8,17.9,17.8,17.8,17.916
2017/11/24 12:20,0.355,17.9,17.96,17.9,17.9,17.9,17.8,17.9,17.8,17.9152
2017/11/24 12:25,0.354,17.9,17.91,17.9,17.9,17.9,17.9,17.8,17.9,17.9144
2017/11/24 12:30,0.354,17.9,17.89,17.9,17.9,17.9,17.9,17.9,17.8,17.9141
2017/11/24 12:35,0.354,17.9,17.89,17.9,17.9,17.9,17.9,17.9,17.9,17.9141
