timestamp,VWC,temp_soil,temp_room,VWC_predict
2017/10/28 00:00,0.266,22.3,20.7,0.297971
2017/10/28 00:05,0.266,22.3,20.65,0.298287
2017/10/28 00:10,0.266,22.3,20.65,0.298287
2017/10/28 00:15,0.266,22.2,20.67,0.29711
2017/10/28 00:20,0.266,22.2,20.67,0.29711
2017/10/28 00:25,0.266,22.2,20.67,0.29711
2017/10/28 00:30,0.266,22.2,20.72,0.296794
2017/10/28 00:35,0.266,22.2,20.74,0.296667
2017/10/28 00:40,0.266,22.2,20.77,0.296478
2017/10/28 00:45,0.266,22.1,20.77,0.295427
2017/10/28 00:50,0.267,22.2,20.72,0.296794
2017/10/28 00:55,0.266,22.1,20.7,0.295869
2017/10/28 01:00,0.266,22.1,20.67,0.296059
2017/10/28 01:05,0.267,22.1,20.7,0.295869
2017/10/28 01:10,0.266,22.1,20.67,0.296059
2017/10/28 01:15,0.266,22.1,20.65,0.296185
2017/10/28 01:20,0.266,22.1,20.65,0.296185
2017/10/28 01:25,0.266,22.1,20.65,0.296185
2017/10/28 01:30,0.266,22.1,20.65,0.296185
2017/10/28 01:35,0.266,22.1,20.67,0.296059
2017/10/28 01:40,0.266,22.1,20.7,0.295869
2017/10/28 01:45,0.266,22.1,20.72,0.295743
2017/10/28 01:50,0.266,22.1,20.74,0.295617
2017/10/28 01:55,0.266,22,20.77,0.294376
2017/10/28 02:00,0.266,22,20.77,0.294376
2017/10/28 02:05,0.266,22,20.77,0.294376
2017/10/28 02:10,0.266,22,20.77,0.294376
2017/10/28 02:15,0.266,22,20.77,0.294376
2017/10/28 02:20,0.266,22,20.79,0.29425
2017/10/28 02:25,0.266,22,20.82,0.29406
2017/10/28 02:30,0.266,22,20.79,0.29425
2017/10/28 02:35,0.266,21.9,20.79,0.293199
2017/10/28 02:40,0.266,21.9,20.79,0.293199
2017/10/28 02:45,0.266,21.9,20.77,0.293325
2017/10/28 02:50,0.266,21.9,20.72,0.293641
2017/10/28 02:55,0.266,21.9,20.72,0.293641
2017/10/28 03:00,0.266,21.9,20.72,0.293641
2017/10/28 03:05,0.266,21.9,20.7,0.293768
2017/10/28 03:10,0.266,21.9,20.7,0.293768
2017/10/28 03:15,0.266,21.9,20.7,0.293768
2017/10/28 03:20,0.266,21.9,20.7,0.293768
2017/10/28 03:25,0.266,21.9,20.65,0.294084
2017/10/28 03:30,0.266,21.9,20.65,0.294084
2017/10/28 03:35,0.266,21.9,20.67,0.293957
2017/10/28 03:40,0.266,21.9,20.67,0.293957
2017/10/28 03:45,0.266,21.9,20.65,0.294084
2017/10/28 03:50,0.266,21.9,20.65,0.294084
2017/10/28 03:55,0.266,21.9,20.6,0.2944
2017/10/28 04:00,0.266,21.8,20.53,0.293791
2017/10/28 04:05,0.266,21.8,20.46,0.294234
2017/10/28 04:10,0.266,21.8,20.39,0.294676
2017/10/28 04:15,0.266,21.7,20.34,0.293941
2017/10/28 04:20,0.266,21.7,20.29,0.294257
2017/10/28 04:25,0.266,21.7,20.29,0.294257
2017/10/28 04:30,0.266,21.7,20.29,0.294257
2017/10/28 04:35,0.266,21.7,20.27,0.294383
2017/10/28 04:40,0.266,21.7,20.24,0.294573
2017/10/28 04:45,0.266,21.7,20.29,0.294257
2017/10/28 04:50,0.266,21.7,20.34,0.293941
2017/10/28 04:55,0.266,21.7,20.34,0.293941
2017/10/28 05:00,0.266,21.7,20.34,0.293941
2017/10/28 05:05,0.266,21.7,20.32,0.294067
2017/10/28 05:10,0.266,21.7,20.24,0.294573
2017/10/28 05:15,0.266,21.7,20.17,0.295015
2017/10/28 05:20,0.266,21.7,20.13,0.295268
2017/10/28 05:25,0.266,21.7,20.1,0.295458
2017/10/28 05:30,0.266,21.7,20.08,0.295584
2017/10/28 05:35,0.266,21.7,20.08,0.295584
2017/10/28 05:40,0.266,21.7,20.1,0.295458
2017/10/28 05:45,0.266,21.6,20.08,0.294533
2017/10/28 05:50,0.266,21.6,20.08,0.294533
2017/10/28 05:55,0.266,21.6,20.03,0.294849
2017/10/28 06:00,0.266,21.6,20.03,0.294849
2017/10/28 06:05,0.266,21.6,20.03,0.294849
2017/10/28 06:10,0.266,21.6,20.03,0.294849
2017/10/28 06:15,0.266,21.5,20.03,0.293799
2017/10/28 06:20,0.265,21.5,20.03,0.293799
2017/10/28 06:25,0.266,21.5,20.03,0.293799
2017/10/28 06:30,0.266,21.5,20.03,0.293799
2017/10/28 06:35,0.266,21.5,20.03,0.293799
2017/10/28 06:40,0.265,21.5,20.01,0.293925
2017/10/28 06:45,0.266,21.5,20.03,0.293799
2017/10/28 06:50,0.266,21.5,20.01,0.293925
2017/10/28 06:55,0.266,21.5,20.03,0.293799
2017/10/28 07:00,0.266,21.5,20.03,0.293799
2017/10/28 07:05,0.266,21.5,20.03,0.293799
2017/10/28 07:10,0.266,21.5,20.03,0.293799
2017/10/28 07:15,0.266,21.5,20.05,0.293672
2017/10/28 07:20,0.265,21.5,20.05,0.293672
2017/10/28 07:25,0.265,21.5,20.08,0.293483
2017/10/28 07:30,0.265,21.5,20.08,0.293483
2017/10/28 07:35,0.265,21.5,20.08,0.293483
2017/10/28 07:40,0.266,21.5,20.08,0.293483
2017/10/28 07:45,0.265,21.5,20.1,0.293356
2017/10/28 07:50,0.265,21.5,20.13,0.293167
2017/10/28 07:55,0.266,21.4,20.15,0.291989
2017/10/28 08:00,0.265,21.5,20.2,0.292724
2017/10/28 08:05,0.265,21.4,20.24,0.291421
2017/10/28 08:10,0.265,21.4,20.24,0.291421
2017/10/28 08:15,0.265,21.4,20.24,0.291421
2017/10/28 08:20,0.265,21.5,20.29,0.292155
2017/10/28 08:25,0.265,21.5,20.32,0.291966
2017/10/28 08:30,0.265,21.4,20.34,0.290789
2017/10/28 08:35,0.265,21.5,20.36,0.291713
2017/10/28 08:40,0.265,21.5,20.32,0.291966
2017/10/28 08:45,0.265,21.4,20.36,0.290662
2017/10/28 08:50,0.265,21.5,20.48,0.290955
2017/10/28 08:55,0.265,21.5,20.58,0.290323
2017/10/28 09:00,0.265,21.5,20.65,0.28988
2017/10/28 09:05,0.265,21.4,20.67,0.288703
2017/10/28 09:10,0.265,21.5,20.6,0.290196
2017/10/28 09:15,0.265,21.5,20.55,0.290512
2017/10/28 09:20,0.265,21.5,20.48,0.290955
2017/10/28 09:25,0.265,21.5,20.43,0.291271
2017/10/28 09:30,0.265,21.5,20.55,0.290512
2017/10/28 09:35,0.265,21.5,20.55,0.290512
2017/10/28 09:40,0.265,21.5,20.58,0.290323
2017/10/28 09:45,0.265,21.5,20.63,0.290007
2017/10/28 09:50,0.265,21.5,20.72,0.289438
2017/10/28 09:55,0.265,21.5,20.82,0.288806
2017/10/28 10:00,0.265,21.5,20.89,0.288364
2017/10/28 10:05,0.265,21.6,21.01,0.288656
2017/10/28 10:10,0.265,21.7,21.17,0.288696
2017/10/28 10:15,0.265,21.7,21.32,0.287748
2017/10/28 10:20,0.265,21.7,21.48,0.286737
2017/10/28 10:25,0.265,21.7,21.63,0.285789
2017/10/28 10:30,0.265,21.8,21.79,0.285828
2017/10/28 10:35,0.265,21.9,21.89,0.286247
2017/10/28 10:40,0.265,21.9,22.08,0.285047
2017/10/28 10:45,0.265,21.9,22.23,0.284099
2017/10/28 10:50,0.265,22,22.3,0.284707
2017/10/28 10:55,0.265,22,22.42,0.283949
2017/10/28 11:00,0.265,22.1,22.56,0.284115
2017/10/28 11:05,0.265,22.1,22.73,0.28304
2017/10/28 11:10,0.265,22.2,22.9,0.283017
2017/10/28 11:15,0.265,22.3,22.92,0.283941
2017/10/28 11:20,0.264,22.3,22.9,0.284068
2017/10/28 11:25,0.264,22.3,22.85,0.284384
2017/10/28 11:30,0.264,22.3,22.82,0.284573
2017/10/28 11:35,0.264,22.4,22.8,0.285751
2017/10/28 11:40,0.264,22.4,22.75,0.286067
2017/10/28 11:45,0.264,22.4,22.66,0.286635
2017/10/28 11:50,0.264,22.4,22.61,0.286951
2017/10/28 11:55,0.264,22.4,22.56,0.287267
2017/10/28 12:00,0.264,22.5,22.54,0.288444
2017/10/28 12:05,0.264,22.5,22.58,0.288192
2017/10/28 12:10,0.264,22.5,22.66,0.287686
2017/10/28 12:15,0.263,22.5,22.63,0.287876
2017/10/28 12:20,0.263,22.5,22.58,0.288192
2017/10/28 12:25,0.263,22.6,22.56,0.289369
2017/10/28 12:30,0.263,22.6,22.54,0.289495
2017/10/28 12:35,0.263,22.6,22.54,0.289495
2017/10/28 12:40,0.263,22.6,22.54,0.289495
2017/10/28 12:45,0.263,22.7,22.56,0.29042
2017/10/28 12:50,0.263,22.7,22.56,0.29042
2017/10/28 12:55,0.263,22.7,22.56,0.29042
2017/10/28 13:00,0.262,22.7,22.56,0.29042
2017/10/28 13:05,0.262,22.7,22.49,0.290862
2017/10/28 13:10,0.262,22.7,22.51,0.290736
2017/10/28 13:15,0.262,22.7,22.61,0.290104
2017/10/28 13:20,0.262,22.8,22.58,0.291344
2017/10/28 13:25,0.262,22.8,22.58,0.291344
2017/10/28 13:30,0.262,22.8,22.56,0.291471
2017/10/28 13:35,0.262,22.8,22.58,0.291344
2017/10/28 13:40,0.262,22.8,22.63,0.291028
2017/10/28 13:45,0.262,22.9,22.75,0.291321
2017/10/28 13:50,0.262,22.9,22.87,0.290562
2017/10/28 13:55,0.262,23,23.09,0.290223
2017/10/28 14:00,0.261,23,23.16,0.28978
2017/10/28 14:05,0.261,23.1,23.23,0.290389
2017/10/28 14:10,0.261,23.1,23.21,0.290515
2017/10/28 14:15,0.261,23.2,23.18,0.291756
2017/10/28 14:20,0.261,23.2,23.16,0.291882
2017/10/28 14:25,0.261,23.2,23.11,0.292198
2017/10/28 14:30,0.261,23.2,23.06,0.292514
2017/10/28 14:35,0.261,23.2,23.14,0.292009
2017/10/28 14:40,0.261,23.2,23.28,0.291124
2017/10/28 14:45,0.26,23.3,23.66,0.289773
2017/10/28 14:50,0.26,23.4,23.83,0.28975
2017/10/28 14:55,0.26,23.5,24.03,0.289537
2017/10/28 15:00,0.26,23.5,23.81,0.290927
2017/10/28 15:05,0.26,23.5,23.74,0.291369
2017/10/28 15:10,0.26,23.5,23.78,0.291116
2017/10/28 15:15,0.259,23.5,23.57,0.292444
2017/10/28 15:20,0.259,23.5,23.4,0.293518
2017/10/28 15:25,0.259,23.5,23.42,0.293392
2017/10/28 15:30,0.259,23.5,23.42,0.293392
2017/10/28 15:35,0.259,23.5,23.38,0.293644
2017/10/28 15:40,0.259,23.5,23.18,0.294908
2017/10/28 15:45,0.259,23.4,22.94,0.295374
2017/10/28 15:50,0.259,23.4,22.82,0.296132
2017/10/28 15:55,0.258,23.4,22.75,0.296575
2017/10/28 16:00,0.258,23.4,22.7,0.296891
2017/10/28 16:05,0.258,23.4,22.7,0.296891
2017/10/28 16:10,0.258,23.4,22.75,0.296575
2017/10/28 16:15,0.258,23.3,22.73,0.29565
2017/10/28 16:20,0.258,23.3,22.63,0.296282
2017/10/28 16:25,0.258,23.3,22.56,0.296725
2017/10/28 16:30,0.258,23.3,22.46,0.297357
2017/10/28 16:35,0.258,23.2,22.42,0.296559
2017/10/28 16:40,0.258,23.2,22.39,0.296748
2017/10/28 16:45,0.258,23.2,22.32,0.297191
2017/10/28 16:50,0.258,23.1,22.25,0.296582
2017/10/28 16:55,0.258,23.1,22.2,0.296898
2017/10/28 17:00,0.258,23.1,22.08,0.297657
2017/10/28 17:05,0.258,23.1,21.96,0.298415
2017/10/28 17:10,0.258,23.1,21.87,0.298984
2017/10/28 17:15,0.258,23,21.48,0.300397
2017/10/28 17:20,0.257,22.9,21.08,0.301875
2017/10/28 17:25,0.257,22.9,20.7,0.304276
2017/10/28 17:30,0.257,22.8,20.36,0.305374
2017/10/28 17:35,0.257,22.8,20.1,0.307017
2017/10/28 17:40,0.257,22.7,19.96,0.306851
2017/10/28 17:45,0.257,22.7,19.98,0.306724
2017/10/28 17:50,0.257,22.7,20.03,0.306408
2017/10/28 17:55,0.257,22.6,20.1,0.304915
2017/10/28 18:00,0.257,22.6,20.15,0.304599
2017/10/28 18:05,0.257,22.6,20.29,0.303715
2017/10/28 18:10,0.257,22.6,20.34,0.303399
2017/10/28 18:15,0.257,22.5,20.34,0.302348
2017/10/28 18:20,0.257,22.5,20.36,0.302221
2017/10/28 18:25,0.257,22.5,20.43,0.301779
2017/10/28 18:30,0.257,22.5,20.55,0.301021
2017/10/28 18:35,0.257,22.4,20.72,0.298895
2017/10/28 18:40,0.257,22.4,20.82,0.298263
2017/10/28 18:45,0.257,22.4,20.86,0.298011
2017/10/28 18:50,0.257,22.4,20.82,0.298263
2017/10/28 18:55,0.257,22.4,20.82,0.298263
2017/10/28 19:00,0.257,22.3,20.84,0.297086
2017/10/28 19:05,0.257,22.3,20.89,0.29677
2017/10/28 19:10,0.256,22.3,20.91,0.296644
2017/10/28 19:15,0.257,22.3,20.86,0.29696
2017/10/28 19:20,0.257,22.3,20.82,0.297213
2017/10/28 19:25,0.257,22.3,20.82,0.297213
2017/10/28 19:30,0.257,22.2,20.82,0.296162
2017/10/28 19:35,0.256,22.2,20.74,0.296667
2017/10/28 19:40,0.256,22.2,20.63,0.297363
2017/10/28 19:45,0.256,22.2,20.51,0.298121
2017/10/28 19:50,0.257,22.1,20.43,0.297576
2017/10/28 19:55,0.256,22.1,20.32,0.298271
2017/10/28 20:00,0.256,22.1,20.22,0.298903
2017/10/28 20:05,0.256,22.1,20.17,0.299219
2017/10/28 20:10,0.256,22,20.13,0.298421
2017/10/28 20:15,0.256,22,20.05,0.298926
2017/10/28 20:20,0.256,22,20.03,0.299053
2017/10/28 20:25,0.256,22,20.01,0.299179
2017/10/28 20:30,0.256,21.9,19.98,0.298318
2017/10/28 20:35,0.256,21.9,19.89,0.298887
2017/10/28 20:40,0.256,21.9,19.84,0.299203
2017/10/28 20:45,0.256,21.8,19.79,0.298468
2017/10/28 20:50,0.256,21.8,19.74,0.298784
2017/10/28 20:55,0.256,21.8,19.74,0.298784
2017/10/28 21:00,0.256,21.8,19.77,0.298594
2017/10/28 21:05,0.256,21.7,19.79,0.297417
2017/10/28 21:10,0.256,21.7,19.74,0.297733
2017/10/28 21:15,0.256,21.7,19.65,0.298302
2017/10/28 21:20,0.256,21.7,19.55,0.298934
2017/10/28 21:25,0.256,21.7,19.53,0.29906
2017/10/28 21:30,0.256,21.7,19.51,0.299186
2017/10/28 21:35,0.256,21.6,19.44,0.298578
2017/10/28 21:40,0.256,21.6,19.41,0.298768
2017/10/28 21:45,0.256,21.6,19.39,0.298894
2017/10/28 21:50,0.256,21.6,19.36,0.299084
2017/10/28 21:55,0.256,21.6,19.36,0.299084
2017/10/28 22:00,0.256,21.5,19.34,0.298159
2017/10/28 22:05,0.256,21.5,19.29,0.298475
2017/10/28 22:10,0.256,21.5,19.22,0.298917
2017/10/28 22:15,0.256,21.5,19.17,0.299233
2017/10/28 22:20,0.256,21.4,19.15,0.298309
2017/10/28 22:25,0.256,21.4,19.17,0.298183
2017/10/28 22:30,0.256,21.4,19.22,0.297867
2017/10/28 22:35,0.256,21.4,19.22,0.297867
2017/10/28 22:40,0.256,21.3,19.24,0.296689
2017/10/28 22:45,0.256,21.3,19.27,0.2965
2017/10/28 22:50,0.256,21.3,19.24,0.296689
2017/10/28 22:55,0.256,21.3,19.29,0.296373
2017/10/28 23:00,0.256,21.3,19.32,0.296184
2017/10/28 23:05,0.255,21.3,19.36,0.295931
2017/10/28 23:10,0.256,21.3,19.39,0.295741
2017/10/28 23:15,0.256,21.2,19.36,0.29488
2017/10/28 23:20,0.256,21.2,19.36,0.29488
2017/10/28 23:25,0.256,21.2,19.41,0.294564
2017/10/28 23:30,0.256,21.2,19.46,0.294248
2017/10/28 23:35,0.256,21.2,19.48,0.294122
2017/10/28 23:40,0.255,21.1,19.51,0.292881
2017/10/28 23:45,0.256,21.2,19.53,0.293806
2017/10/28 23:50,0.255,21.1,19.58,0.292439
2017/10/28 23:55,0.255,21.1,19.6,0.292313
2017/10/29 00:00,0.256,21.1,19.63,0.292123
2017/10/29 00:05,0.256,21.1,19.67,0.29187
2017/10/29 00:10,0.255,21.1,19.7,0.291681
2017/10/29 00:15,0.255,21.1,19.7,0.291681
2017/10/29 00:20,0.256,21.1,19.72,0.291554
2017/10/29 00:25,0.255,21.1,19.72,0.291554
2017/10/29 00:30,0.256,21.1,19.72,0.291554
2017/10/29 00:35,0.255,21.1,19.67,0.29187
2017/10/29 00:40,0.256,21,19.7,0.29063
2017/10/29 00:45,0.256,21,19.7,0.29063
2017/10/29 00:50,0.255,21,19.65,0.290946
2017/10/29 00:55,0.255,21,19.65,0.290946
2017/10/29 01:00,0.255,21,19.67,0.290819
2017/10/29 01:05,0.255,21,19.74,0.290377
2017/10/29 01:10,0.255,21,19.74,0.290377
2017/10/29 01:15,0.255,21,19.74,0.290377
2017/10/29 01:20,0.255,20.9,19.74,0.289326
2017/10/29 01:25,0.255,20.9,19.74,0.289326
2017/10/29 01:30,0.255,20.9,19.7,0.289579
2017/10/29 01:35,0.255,20.9,19.67,0.289769
2017/10/29 01:40,0.255,20.9,19.6,0.290211
2017/10/29 01:45,0.255,20.9,19.58,0.290337
2017/10/29 01:50,0.255,20.9,19.55,0.290527
2017/10/29 01:55,0.255,20.9,19.55,0.290527
2017/10/29 02:00,0.255,20.9,19.53,0.290653
2017/10/29 02:05,0.255,20.9,19.51,0.29078
2017/10/29 02:10,0.255,20.8,19.48,0.289918
2017/10/29 02:15,0.255,20.9,19.46,0.291096
2017/10/29 02:20,0.255,20.8,19.44,0.290171
2017/10/29 02:25,0.255,20.8,19.41,0.290361
2017/10/29 02:30,0.255,20.8,19.39,0.290487
2017/10/29 02:35,0.255,20.8,19.36,0.290677
2017/10/29 02:40,0.255,20.8,19.36,0.290677
2017/10/29 02:45,0.255,20.7,19.36,0.289626
2017/10/29 02:50,0.255,20.7,19.36,0.289626
2017/10/29 02:55,0.255,20.7,19.34,0.289752
2017/10/29 03:00,0.255,20.7,19.32,0.289879
2017/10/29 03:05,0.255,20.7,19.29,0.290068
2017/10/29 03:10,0.255,20.7,19.29,0.290068
2017/10/29 03:15,0.255,20.7,19.32,0.289879
2017/10/29 03:20,0.255,20.7,19.32,0.289879
2017/10/29 03:25,0.255,20.7,19.32,0.289879
2017/10/29 03:30,0.255,20.7,19.32,0.289879
2017/10/29 03:35,0.255,20.7,19.32,0.289879
2017/10/29 03:40,0.255,20.7,19.32,0.289879
2017/10/29 03:45,0.255,20.7,19.34,0.289752
2017/10/29 03:50,0.255,20.6,19.36,0.288575
2017/10/29 03:55,0.255,20.7,19.39,0.289436
2017/10/29 04:00,0.255,20.6,19.39,0.288386
2017/10/29 04:05,0.255,20.7,19.36,0.289626
2017/10/29 04:10,0.255,20.6,19.36,0.288575
2017/10/29 04:15,0.255,20.6,19.34,0.288702
2017/10/29 04:20,0.255,20.6,19.32,0.288828
2017/10/29 04:25,0.255,20.6,19.32,0.288828
2017/10/29 04:30,0.255,20.6,19.32,0.288828
2017/10/29 04:35,0.255,20.5,19.34,0.287651
2017/10/29 04:40,0.255,20.6,19.34,0.288702
2017/10/29 04:45,0.255,20.5,19.32,0.287777
2017/10/29 04:50,0.255,20.6,19.29,0.289018
2017/10/29 04:55,0.255,20.5,19.32,0.287777
2017/10/29 05:00,0.255,20.5,19.32,0.287777
2017/10/29 05:05,0.255,20.5,19.32,0.287777
2017/10/29 05:10,0.255,20.5,19.34,0.287651
2017/10/29 05:15,0.255,20.5,19.36,0.287524
2017/10/29 05:20,0.255,20.5,19.34,0.287651
2017/10/29 05:25,0.255,20.5,19.36,0.287524
2017/10/29 05:30,0.255,20.5,19.39,0.287335
2017/10/29 05:35,0.255,20.5,19.41,0.287208
2017/10/29 05:40,0.255,20.5,19.46,0.286892
2017/10/29 05:45,0.255,20.5,19.46,0.286892
2017/10/29 05:50,0.255,20.5,19.46,0.286892
2017/10/29 05:55,0.254,20.5,19.44,0.287019
2017/10/29 06:00,0.255,20.5,19.41,0.287208
2017/10/29 06:05,0.255,20.5,19.36,0.287524
2017/10/29 06:10,0.255,20.5,19.29,0.287967
2017/10/29 06:15,0.255,20.5,19.24,0.288283
2017/10/29 06:20,0.254,20.4,19.22,0.287358
2017/10/29 06:25,0.255,20.4,19.22,0.287358
2017/10/29 06:30,0.255,20.5,19.2,0.288535
2017/10/29 06:35,0.254,20.4,19.22,0.287358
2017/10/29 06:40,0.255,20.4,19.27,0.287042
2017/10/29 06:45,0.254,20.5,19.32,0.287777
2017/10/29 06:50,0.254,20.5,19.46,0.286892
2017/10/29 06:55,0.254,20.5,19.46,0.286892
2017/10/29 07:00,0.254,20.5,19.44,0.287019
2017/10/29 07:05,0.254,20.4,19.44,0.285968
2017/10/29 07:10,0.254,20.5,19.41,0.287208
2017/10/29 07:15,0.254,20.5,19.46,0.286892
2017/10/29 07:20,0.254,20.5,19.55,0.286324
2017/10/29 07:25,0.254,20.5,19.86,0.284365
2017/10/29 07:30,0.254,20.5,20.2,0.282216
2017/10/29 07:35,0.254,20.5,20.41,0.280889
2017/10/29 07:40,0.254,20.6,20.6,0.280739
2017/10/29 07:45,0.254,20.6,20.82,0.279348
2017/10/29 07:50,0.254,20.7,20.96,0.279515
2017/10/29 07:55,0.254,20.7,21.01,0.279199
2017/10/29 08:00,0.254,20.7,21.1,0.27863
2017/10/29 08:05,0.254,20.7,21.22,0.277871
2017/10/29 08:10,0.254,20.7,21.36,0.276987
2017/10/29 08:15,0.254,20.8,21.51,0.27709
2017/10/29 08:20,0.254,20.9,21.7,0.27694
2017/10/29 08:25,0.254,20.9,21.94,0.275423
2017/10/29 08:30,0.254,21,22.15,0.275147
2017/10/29 08:35,0.254,21.1,22.23,0.275692
2017/10/29 08:40,0.253,21.1,22.2,0.275882
2017/10/29 08:45,0.253,21.1,22.2,0.275882
2017/10/29 08:50,0.253,21.1,22.27,0.275439
2017/10/29 08:55,0.253,21.2,22.39,0.275732
2017/10/29 09:00,0.253,21.2,22.44,0.275416
2017/10/29 09:05,0.253,21.3,22.54,0.275835
2017/10/29 09:10,0.253,21.3,22.56,0.275708
2017/10/29 09:15,0.253,21.4,22.61,0.276443
2017/10/29 09:20,0.253,21.4,22.75,0.275558
2017/10/29 09:25,0.253,21.5,22.87,0.275851
2017/10/29 09:30,0.252,21.5,22.92,0.275535
2017/10/29 09:35,0.252,21.6,23.04,0.275827
2017/10/29 09:40,0.252,21.7,23.18,0.275993
2017/10/29 09:45,0.252,21.7,23.47,0.274161
2017/10/29 09:50,0.252,21.8,23.54,0.274769
2017/10/29 09:55,0.252,21.9,23.64,0.275188
2017/10/29 10:00,0.252,22,23.74,0.275607
2017/10/29 10:05,0.252,22.1,23.83,0.276089
2017/10/29 10:10,0.252,22.2,24.17,0.274991
2017/10/29 10:15,0.252,22.3,24.27,0.27541
2017/10/29 10:20,0.251,22.3,24,0.277116
2017/10/29 10:25,0.251,22.3,23.78,0.278506
2017/10/29 10:30,0.251,22.4,23.69,0.280126
2017/10/29 10:35,0.251,22.4,23.66,0.280316
2017/10/29 10:40,0.251,22.4,23.66,0.280316
2017/10/29 10:45,0.251,22.5,23.59,0.281809
2017/10/29 10:50,0.25,22.5,23.47,0.282567
2017/10/29 10:55,0.25,22.5,23.78,0.280608
2017/10/29 11:00,0.25,22.7,24.17,0.280245
2017/10/29 11:05,0.25,22.9,24.41,0.28083
2017/10/29 11:10,0.25,22.9,24.46,0.280514
2017/10/29 11:15,0.25,22.9,24.15,0.282473
2017/10/29 11:20,0.249,23,24.39,0.282007
2017/10/29 11:25,0.249,23.1,24.68,0.281225
2017/10/29 11:30,0.249,23.3,25.04,0.281052
2017/10/29 11:35,0.249,23.5,25.06,0.283027
2017/10/29 11:40,0.249,23.7,25.21,0.284181
2017/10/29 11:45,0.249,23.8,25.43,0.283842
2017/10/29 11:50,0.248,24,25.36,0.286386
2017/10/29 11:55,0.248,23.9,24.73,0.289316
2017/10/29 12:00,0.248,23.8,24.29,0.291046
2017/10/29 12:05,0.248,24,24.53,0.291631
2017/10/29 12:10,0.247,24.1,24.97,0.289901
2017/10/29 12:15,0.247,24.3,25.36,0.289538
2017/10/29 12:20,0.247,24.5,25.4,0.291387
2017/10/29 12:25,0.247,24.5,24.99,0.293978
2017/10/29 12:30,0.247,24.6,25.11,0.29427
2017/10/29 12:35,0.246,24.7,25.26,0.294373
2017/10/29 12:40,0.246,24.8,25.33,0.294982
2017/10/29 12:45,0.246,24.8,25.31,0.295108
2017/10/29 12:50,0.246,24.9,25.33,0.296033
2017/10/29 12:55,0.245,25,25.5,0.296009
2017/10/29 13:00,0.245,25,25.6,0.295377
2017/10/29 13:05,0.245,25.1,25.09,0.299651
2017/10/29 13:10,0.244,25,24.65,0.301381
2017/10/29 13:15,0.244,25,24.92,0.299675
2017/10/29 13:20,0.244,25.1,25.06,0.299841
2017/10/29 13:25,0.244,25,24.56,0.30195
2017/10/29 13:30,0.244,25,24.15,0.304541
2017/10/29 13:35,0.243,24.9,24.32,0.302415
2017/10/29 13:40,0.243,25,24.73,0.300875
2017/10/29 13:45,0.243,25,24.94,0.299548
2017/10/29 13:50,0.243,25.1,25.06,0.299841
2017/10/29 13:55,0.242,25.1,24.85,0.301168
2017/10/29 14:00,0.242,25.1,24.9,0.300852
2017/10/29 14:05,0.242,25.2,25.09,0.300702
2017/10/29 14:10,0.241,25.3,25.06,0.301942
2017/10/29 14:15,0.241,25.2,24.58,0.303925
2017/10/29 14:20,0.241,25.2,24.58,0.303925
2017/10/29 14:25,0.241,25.3,24.82,0.303459
2017/10/29 14:30,0.241,25.3,24.85,0.303269
2017/10/29 14:35,0.24,25.4,24.75,0.304952
2017/10/29 14:40,0.24,25.4,24.77,0.304826
2017/10/29 14:45,0.24,25.4,24.73,0.305079
2017/10/29 14:50,0.239,25.4,24.6,0.3059
2017/10/29 14:55,0.239,25.4,24.58,0.306027
2017/10/29 15:00,0.239,25.4,24.63,0.305711
2017/10/29 15:05,0.238,25.4,24.6,0.3059
2017/10/29 15:10,0.238,25.4,24.51,0.306469
2017/10/29 15:15,0.238,25.4,23.95,0.310008
2017/10/29 15:20,0.238,25.2,23.71,0.309423
2017/10/29 15:25,0.238,25.2,23.47,0.31094
2017/10/29 15:30,0.238,25.1,23.16,0.311848
2017/10/29 15:35,0.237,25,22.94,0.312187
2017/10/29 15:40,0.237,25,22.8,0.313072
2017/10/29 15:45,0.237,25,22.82,0.312946
2017/10/29 15:50,0.237,24.9,22.73,0.312464
2017/10/29 15:55,0.237,24.9,22.7,0.312653
2017/10/29 16:00,0.236,24.8,22.66,0.311855
2017/10/29 16:05,0.236,24.8,22.68,0.311729
2017/10/29 16:10,0.236,24.7,22.56,0.311436
2017/10/29 16:15,0.236,24.7,22.44,0.312195
2017/10/29 16:20,0.236,24.6,22.34,0.311776
2017/10/29 16:25,0.236,24.6,22.27,0.312218
2017/10/29 16:30,0.236,24.5,22.2,0.31161
2017/10/29 16:35,0.235,24.4,22.15,0.310875
2017/10/29 16:40,0.235,24.4,22.11,0.311128
2017/10/29 16:45,0.235,24.4,22.03,0.311633
2017/10/29 16:50,0.235,24.3,21.96,0.311025
2017/10/29 16:55,0.235,24.2,21.87,0.310543
2017/10/29 17:00,0.235,24.2,21.82,0.310859
2017/10/29 17:05,0.235,24.1,21.82,0.309808
2017/10/29 17:10,0.235,24.1,21.82,0.309808
2017/10/29 17:15,0.235,24,21.77,0.309073
2017/10/29 17:20,0.235,24,21.68,0.309642
2017/10/29 17:25,0.235,23.9,21.65,0.308781
2017/10/29 17:30,0.235,23.8,21.58,0.308172
2017/10/29 17:35,0.235,23.8,21.36,0.309563
2017/10/29 17:40,0.235,23.8,21.32,0.309815
2017/10/29 17:45,0.235,23.7,21.25,0.309207
2017/10/29 17:50,0.234,23.6,21.2,0.308472
2017/10/29 17:55,0.234,23.6,21.03,0.309546
2017/10/29 18:00,0.234,23.5,20.91,0.309254
2017/10/29 18:05,0.234,23.5,20.98,0.308811
2017/10/29 18:10,0.234,23.4,21.08,0.307129
2017/10/29 18:15,0.234,23.4,21.1,0.307002
2017/10/29 18:20,0.234,23.3,21.03,0.306394
2017/10/29 18:25,0.234,23.3,20.98,0.30671
2017/10/29 18:30,0.234,23.3,20.94,0.306963
2017/10/29 18:35,0.234,23.2,21.05,0.305217
2017/10/29 18:40,0.234,23.2,21.17,0.304458
2017/10/29 18:45,0.234,23.2,21.25,0.303953
2017/10/29 18:50,0.234,23.1,21.25,0.302902
2017/10/29 18:55,0.234,23.1,21.27,0.302775
2017/10/29 19:00,0.234,23.1,21.25,0.302902
2017/10/29 19:05,0.234,23,21.17,0.302357
2017/10/29 19:10,0.234,23,21.08,0.302925
2017/10/29 19:15,0.234,23,21.13,0.302609
2017/10/29 19:20,0.234,22.9,21.27,0.300674
2017/10/29 19:25,0.233,22.9,21.25,0.3008
2017/10/29 19:30,0.234,22.9,21.22,0.30099
2017/10/29 19:35,0.234,22.8,21.17,0.300255
2017/10/29 19:40,0.233,22.8,21.27,0.299623
2017/10/29 19:45,0.233,22.8,21.29,0.299497
2017/10/29 19:50,0.233,22.7,21.36,0.298003
2017/10/29 19:55,0.233,22.7,21.46,0.297371
2017/10/29 20:00,0.233,22.7,21.53,0.296929
2017/10/29 20:05,0.233,22.7,21.75,0.295539
2017/10/29 20:10,0.233,22.7,21.87,0.29478
2017/10/29 20:15,0.233,22.7,21.99,0.294022
2017/10/29 20:20,0.233,22.6,22.01,0.292845
2017/10/29 20:25,0.233,22.6,22.06,0.292529
2017/10/29 20:30,0.233,22.6,22.01,0.292845
2017/10/29 20:35,0.233,22.6,22.01,0.292845
2017/10/29 20:40,0.233,22.5,22.03,0.291668
2017/10/29 20:45,0.233,22.5,22.08,0.291352
2017/10/29 20:50,0.233,22.5,22.08,0.291352
2017/10/29 20:55,0.233,22.5,22.11,0.291162
2017/10/29 21:00,0.233,22.5,22.08,0.291352
2017/10/29 21:05,0.233,22.5,22.03,0.291668
2017/10/29 21:10,0.233,22.5,21.82,0.292995
2017/10/29 21:15,0.233,22.4,21.6,0.293334
2017/10/29 21:20,0.233,22.4,21.46,0.294219
2017/10/29 21:25,0.233,22.4,21.2,0.295862
2017/10/29 21:30,0.233,22.3,21.01,0.296012
2017/10/29 21:35,0.233,22.3,20.89,0.29677
2017/10/29 21:40,0.233,22.3,20.82,0.297213
2017/10/29 21:45,0.233,22.3,20.72,0.297845
2017/10/29 21:50,0.233,22.2,20.63,0.297363
2017/10/29 21:55,0.233,22.2,20.55,0.297868
2017/10/29 22:00,0.232,22.2,20.58,0.297679
2017/10/29 22:05,0.233,22.1,20.63,0.296312
2017/10/29 22:10,0.232,22.1,20.6,0.296501
2017/10/29 22:15,0.232,22.1,20.55,0.296817
2017/10/29 22:20,0.232,22.1,20.55,0.296817
2017/10/29 22:25,0.232,22.1,20.43,0.297576
2017/10/29 22:30,0.232,22,20.41,0.296651
2017/10/29 22:35,0.232,22,20.53,0.295893
2017/10/29 22:40,0.232,22,20.48,0.296209
2017/10/29 22:45,0.232,21.9,20.51,0.294968
2017/10/29 22:50,0.232,21.9,20.65,0.294084
2017/10/29 22:55,0.232,21.9,20.63,0.29421
2017/10/29 23:00,0.232,21.9,20.7,0.293768
2017/10/29 23:05,0.232,21.9,20.89,0.292567
2017/10/29 23:10,0.232,21.9,21.05,0.291556
2017/10/29 23:15,0.232,21.8,21.1,0.290189
2017/10/29 23:20,0.232,21.8,21.2,0.289557
2017/10/29 23:25,0.232,21.8,21.27,0.289115
2017/10/29 23:30,0.232,21.7,21.29,0.287937
2017/10/29 23:35,0.232,21.7,21.29,0.287937
2017/10/29 23:40,0.232,21.7,21.34,0.287621
2017/10/29 23:45,0.232,21.7,21.36,0.287495
2017/10/29 23:50,0.232,21.7,21.48,0.286737
2017/10/29 23:55,0.232,21.7,21.51,0.286547
2017/10/30 00:00,0.232,21.7,21.46,0.286863
2017/10/30 00:05,0.232,21.7,21.41,0.287179
2017/10/30 00:10,0.232,21.7,21.32,0.287748
2017/10/30 00:15,0.232,21.7,21.34,0.287621
2017/10/30 00:20,0.232,21.7,21.39,0.287305
2017/10/30 00:25,0.232,21.7,21.48,0.286737
2017/10/30 00:30,0.232,21.6,21.44,0.285939
2017/10/30 00:35,0.232,21.6,21.41,0.286128
2017/10/30 00:40,0.231,21.6,21.34,0.286571
2017/10/30 00:45,0.231,21.6,21.32,0.286697
2017/10/30 00:50,0.231,21.5,21.2,0.286405
2017/10/30 00:55,0.231,21.5,21.05,0.287352
2017/10/30 01:00,0.231,21.5,20.98,0.287795
2017/10/30 01:05,0.231,21.5,20.89,0.288364
2017/10/30 01:10,0.231,21.5,20.65,0.28988
2017/10/30 01:15,0.231,21.5,20.34,0.291839
2017/10/30 01:20,0.231,21.5,20.1,0.293356
2017/10/30 01:25,0.231,21.4,20.1,0.292305
2017/10/30 01:30,0.231,21.4,20.13,0.292116
2017/10/30 01:35,0.231,21.3,20.17,0.290812
2017/10/30 01:40,0.231,21.3,20.22,0.290496
2017/10/30 01:45,0.231,21.3,20.17,0.290812
2017/10/30 01:50,0.231,21.3,20.15,0.290938
2017/10/30 01:55,0.231,21.3,20.05,0.29157
2017/10/30 02:00,0.231,21.3,19.98,0.292013
2017/10/30 02:05,0.231,21.3,19.89,0.292582
2017/10/30 02:10,0.231,21.3,19.79,0.293214
2017/10/30 02:15,0.231,21.2,19.67,0.292921
2017/10/30 02:20,0.231,21.2,19.58,0.29349
2017/10/30 02:25,0.231,21.1,19.44,0.293324
2017/10/30 02:30,0.231,21.1,19.29,0.294272
2017/10/30 02:35,0.231,21.1,19.22,0.294714
2017/10/30 02:40,0.231,21.1,19.24,0.294588
2017/10/30 02:45,0.231,21.1,19.41,0.293513
2017/10/30 02:50,0.231,21.1,19.44,0.293324
2017/10/30 02:55,0.231,21,19.36,0.292779
2017/10/30 03:00,0.231,21,19.44,0.292273
2017/10/30 03:05,0.231,21,19.58,0.291388
2017/10/30 03:10,0.231,21,19.7,0.29063
2017/10/30 03:15,0.23,20.9,19.77,0.289137
2017/10/30 03:20,0.23,20.9,19.84,0.288694
2017/10/30 03:25,0.23,20.9,19.86,0.288568
2017/10/30 03:30,0.23,20.9,19.91,0.288252
2017/10/30 03:35,0.23,20.8,19.93,0.287075
2017/10/30 03:40,0.23,20.8,19.96,0.286885
2017/10/30 03:45,0.23,20.8,19.98,0.286759
2017/10/30 03:50,0.23,20.8,19.96,0.286885
2017/10/30 03:55,0.23,20.8,19.89,0.287327
2017/10/30 04:00,0.23,20.8,19.84,0.287643
2017/10/30 04:05,0.23,20.7,19.84,0.286593
2017/10/30 04:10,0.23,20.7,19.82,0.286719
2017/10/30 04:15,0.23,20.7,19.82,0.286719
2017/10/30 04:20,0.23,20.7,19.89,0.286277
2017/10/30 04:25,0.23,20.7,19.89,0.286277
2017/10/30 04:30,0.23,20.7,19.86,0.286466
2017/10/30 04:35,0.23,20.7,19.79,0.286909
2017/10/30 04:40,0.23,20.6,19.77,0.285984
2017/10/30 04:45,0.23,20.6,19.77,0.285984
2017/10/30 04:50,0.23,20.6,19.72,0.2863
2017/10/30 04:55,0.23,20.5,19.65,0.285692
2017/10/30 05:00,0.23,20.6,19.65,0.286742
2017/10/30 05:05,0.23,20.5,19.63,0.285818
2017/10/30 05:10,0.23,20.5,19.7,0.285376
2017/10/30 05:15,0.23,20.5,19.77,0.284933
2017/10/30 05:20,0.23,20.5,19.82,0.284617
2017/10/30 05:25,0.23,20.5,19.86,0.284365
2017/10/30 05:30,0.23,20.5,19.82,0.284617
2017/10/30 05:35,0.23,20.5,19.77,0.284933
2017/10/30 05:40,0.23,20.4,19.72,0.284198
2017/10/30 05:45,0.23,20.4,19.7,0.284325
2017/10/30 05:50,0.23,20.4,19.65,0.284641
2017/10/30 05:55,0.23,20.4,19.65,0.284641
2017/10/30 06:00,0.23,20.4,19.63,0.284767
2017/10/30 06:05,0.229,20.4,19.63,0.284767
2017/10/30 06:10,0.23,20.4,19.65,0.284641
2017/10/30 06:15,0.23,20.3,19.6,0.283906
2017/10/30 06:20,0.229,20.3,19.51,0.284475
2017/10/30 06:25,0.229,20.3,19.46,0.284791
2017/10/30 06:30,0.229,20.3,19.29,0.285865
2017/10/30 06:35,0.229,20.3,19.22,0.286307
2017/10/30 06:40,0.229,20.3,19.22,0.286307
2017/10/30 06:45,0.229,20.3,19.22,0.286307
2017/10/30 06:50,0.229,20.2,19.2,0.285383
2017/10/30 06:55,0.229,20.2,19.08,0.286141
2017/10/30 07:00,0.229,20.2,18.96,0.2869
2017/10/30 07:05,0.229,20.2,18.89,0.287342
2017/10/30 07:10,0.229,20.2,18.98,0.286773
2017/10/30 07:15,0.229,20.2,19.2,0.285383
2017/10/30 07:20,0.229,20.1,19.34,0.283447
2017/10/30 07:25,0.229,20.2,19.36,0.284372
2017/10/30 07:30,0.229,20.2,19.44,0.283866
2017/10/30 07:35,0.229,20.1,19.53,0.282247
2017/10/30 07:40,0.229,20.2,19.58,0.282982
2017/10/30 07:45,0.229,20.1,19.65,0.281488
2017/10/30 07:50,0.229,20.1,19.67,0.281362
2017/10/30 07:55,0.229,20.1,19.72,0.281046
2017/10/30 08:00,0.229,20.1,19.72,0.281046
2017/10/30 08:05,0.229,20.1,19.72,0.281046
2017/10/30 08:10,0.229,20.1,19.72,0.281046
2017/10/30 08:15,0.228,20.1,19.65,0.281488
2017/10/30 08:20,0.229,20.1,19.55,0.28212
2017/10/30 08:25,0.228,20.1,19.48,0.282563
2017/10/30 08:30,0.228,20.1,19.32,0.283574
2017/10/30 08:35,0.229,20.1,19.36,0.283321
2017/10/30 08:40,0.228,20.1,19.36,0.283321
2017/10/30 08:45,0.228,20.1,19.44,0.282815
2017/10/30 08:50,0.228,20.1,19.44,0.282815
2017/10/30 08:55,0.228,20,19.44,0.281765
2017/10/30 09:00,0.228,20.1,19.41,0.283005
2017/10/30 09:05,0.228,20,19.39,0.282081
2017/10/30 09:10,0.228,20.1,19.34,0.283447
2017/10/30 09:15,0.228,20,19.24,0.283029
2017/10/30 09:20,0.228,20,19.13,0.283724
2017/10/30 09:25,0.228,20,19.08,0.28404
2017/10/30 09:30,0.228,19.9,19.05,0.283178
2017/10/30 09:35,0.228,19.9,19.01,0.283431
2017/10/30 09:40,0.228,19.9,18.96,0.283747
2017/10/30 09:45,0.228,19.9,18.96,0.283747
2017/10/30 09:50,0.228,19.9,19.05,0.283178
2017/10/30 09:55,0.228,19.9,19.13,0.282673
2017/10/30 10:00,0.228,19.9,19.2,0.28223
2017/10/30 10:05,0.227,19.9,19.29,0.281662
2017/10/30 10:10,0.227,19.9,19.41,0.280903
2017/10/30 10:15,0.227,19.9,19.51,0.280271
2017/10/30 10:20,0.227,19.9,19.41,0.280903
2017/10/30 10:25,0.227,19.9,19.39,0.28103
2017/10/30 10:30,0.227,19.9,19.46,0.280587
2017/10/30 10:35,0.227,19.9,19.6,0.279703
2017/10/30 10:40,0.227,19.9,19.67,0.27926
2017/10/30 10:45,0.227,19.9,19.72,0.278944
2017/10/30 10:50,0.227,19.9,19.79,0.278502
2017/10/30 10:55,0.227,19.9,19.86,0.27806
2017/10/30 11:00,0.227,19.9,19.86,0.27806
2017/10/30 11:05,0.227,19.9,19.89,0.27787
2017/10/30 11:10,0.227,20,19.84,0.279237
2017/10/30 11:15,0.227,20,19.82,0.279363
2017/10/30 11:20,0.226,20,19.77,0.279679
2017/10/30 11:25,0.227,20,19.74,0.279869
2017/10/30 11:30,0.226,20,19.74,0.279869
2017/10/30 11:35,0.226,20,19.74,0.279869
2017/10/30 11:40,0.226,20,19.74,0.279869
2017/10/30 11:45,0.226,20,19.74,0.279869
2017/10/30 11:50,0.226,20,19.74,0.279869
2017/10/30 11:55,0.226,20,19.72,0.279995
2017/10/30 12:00,0.226,20,19.79,0.279553
2017/10/30 12:05,0.226,20,19.82,0.279363
2017/10/30 12:10,0.226,20,19.82,0.279363
2017/10/30 12:15,0.226,20,19.89,0.278921
2017/10/30 12:20,0.226,20,19.93,0.278668
2017/10/30 12:25,0.226,20.1,19.89,0.279972
2017/10/30 12:30,0.226,20,19.72,0.279995
2017/10/30 12:35,0.225,20,19.58,0.28088
2017/10/30 12:40,0.225,20,19.51,0.281322
2017/10/30 12:45,0.225,20.1,19.53,0.282247
2017/10/30 12:50,0.225,20.1,19.63,0.281615
2017/10/30 12:55,0.225,20.1,19.79,0.280604
2017/10/30 13:00,0.225,20.1,19.96,0.279529
2017/10/30 13:05,0.225,20.1,20.05,0.27896
2017/10/30 13:10,0.225,20.1,20.01,0.279213
2017/10/30 13:15,0.225,20.1,19.93,0.279719
2017/10/30 13:20,0.225,20.1,19.91,0.279845
2017/10/30 13:25,0.225,20.1,19.89,0.279972
2017/10/30 13:30,0.225,20.1,19.89,0.279972
2017/10/30 13:35,0.225,20.1,19.82,0.280414
2017/10/30 13:40,0.225,20.1,19.67,0.281362
2017/10/30 13:45,0.225,20.1,19.51,0.282373
2017/10/30 13:50,0.224,20.1,19.32,0.283574
2017/10/30 13:55,0.224,20.1,19.22,0.284206
2017/10/30 14:00,0.224,20,19.1,0.283913
2017/10/30 14:05,0.224,20.1,19.08,0.285091
2017/10/30 14:10,0.224,20,19.1,0.283913
2017/10/30 14:15,0.224,20,19.13,0.283724
2017/10/30 14:20,0.224,20,19.08,0.28404
2017/10/30 14:25,0.224,20,18.98,0.284672
2017/10/30 14:30,0.224,20,18.86,0.28543
2017/10/30 14:35,0.224,20,18.7,0.286441
2017/10/30 14:40,0.224,19.9,18.6,0.286022
2017/10/30 14:45,0.224,19.9,18.58,0.286149
2017/10/30 14:50,0.224,19.9,18.6,0.286022
2017/10/30 14:55,0.223,19.9,18.65,0.285706
2017/10/30 15:00,0.224,19.9,18.63,0.285833
2017/10/30 15:05,0.224,19.9,18.6,0.286022
2017/10/30 15:10,0.224,19.9,18.58,0.286149
2017/10/30 15:15,0.224,19.9,18.53,0.286465
2017/10/30 15:20,0.224,19.9,18.48,0.286781
2017/10/30 15:25,0.224,19.9,18.51,0.286591
2017/10/30 15:30,0.223,19.9,18.53,0.286465
2017/10/30 15:35,0.223,19.9,18.65,0.285706
2017/10/30 15:40,0.224,19.9,18.72,0.285264
2017/10/30 15:45,0.224,19.9,18.79,0.284822
2017/10/30 15:50,0.224,19.8,18.82,0.283581
2017/10/30 15:55,0.224,19.8,18.82,0.283581
2017/10/30 16:00,0.224,19.8,18.91,0.283012
2017/10/30 16:05,0.224,19.8,18.98,0.28257
2017/10/30 16:10,0.227,19.7,19.05,0.281077
2017/10/30 16:15,0.227,19.7,19.15,0.280445
2017/10/30 16:20,0.227,19.7,19.1,0.280761
2017/10/30 16:25,0.227,19.7,19.15,0.280445
2017/10/30 16:30,0.227,19.7,19.27,0.279686
2017/10/30 16:35,0.226,19.7,19.34,0.279244
2017/10/30 16:40,0.227,19.7,19.36,0.279118
2017/10/30 16:45,0.226,19.7,19.32,0.27937
2017/10/30 16:50,0.226,19.7,19.34,0.279244
2017/10/30 16:55,0.226,19.7,19.36,0.279118
2017/10/30 17:00,0.226,19.7,19.41,0.278802
2017/10/30 17:05,0.226,19.7,19.41,0.278802
2017/10/30 17:10,0.226,19.7,19.36,0.279118
2017/10/30 17:15,0.226,19.7,19.34,0.279244
2017/10/30 17:20,0.226,19.7,19.36,0.279118
2017/10/30 17:25,0.226,19.7,19.41,0.278802
2017/10/30 17:30,0.226,19.7,19.48,0.278359
2017/10/30 17:35,0.226,19.7,19.53,0.278043
2017/10/30 17:40,0.226,19.7,19.53,0.278043
2017/10/30 17:45,0.226,19.6,19.51,0.277119
2017/10/30 17:50,0.226,19.6,19.48,0.277308
2017/10/30 17:55,0.226,19.6,19.46,0.277435
2017/10/30 18:00,0.226,19.7,19.53,0.278043
2017/10/30 18:05,0.226,19.6,19.63,0.276361
2017/10/30 18:10,0.226,19.6,19.7,0.275918
2017/10/30 18:15,0.226,19.6,19.77,0.275476
2017/10/30 18:20,0.226,19.6,19.82,0.27516
2017/10/30 18:25,0.226,19.6,19.82,0.27516
2017/10/30 18:30,0.226,19.6,19.82,0.27516
2017/10/30 18:35,0.226,19.6,19.79,0.275349
2017/10/30 18:40,0.226,19.6,19.82,0.27516
2017/10/30 18:45,0.225,19.6,19.79,0.275349
2017/10/30 18:50,0.226,19.6,19.77,0.275476
2017/10/30 18:55,0.226,19.6,19.74,0.275665
2017/10/30 19:00,0.225,19.6,19.74,0.275665
2017/10/30 19:05,0.226,19.6,19.72,0.275792
2017/10/30 19:10,0.225,19.6,19.7,0.275918
2017/10/30 19:15,0.225,19.5,19.6,0.275499
2017/10/30 19:20,0.225,19.5,19.44,0.27651
2017/10/30 19:25,0.225,19.5,19.34,0.277142
2017/10/30 19:30,0.225,19.5,19.27,0.277585
2017/10/30 19:35,0.225,19.5,19.15,0.278343
2017/10/30 19:40,0.225,19.5,19.1,0.278659
2017/10/30 19:45,0.225,19.5,19.08,0.278786
2017/10/30 19:50,0.225,19.5,19.03,0.279102
2017/10/30 19:55,0.225,19.5,19.01,0.279228
2017/10/30 20:00,0.225,19.5,19.01,0.279228
2017/10/30 20:05,0.225,19.4,18.94,0.278619
2017/10/30 20:10,0.225,19.4,18.89,0.278935
2017/10/30 20:15,0.225,19.4,18.89,0.278935
2017/10/30 20:20,0.225,19.4,18.86,0.279125
2017/10/30 20:25,0.225,19.4,18.89,0.278935
2017/10/30 20:30,0.225,19.4,18.94,0.278619
2017/10/30 20:35,0.225,19.4,18.98,0.278367
2017/10/30 20:40,0.225,19.4,18.98,0.278367
2017/10/30 20:45,0.225,19.4,19.03,0.278051
2017/10/30 20:50,0.225,19.4,19.01,0.278177
2017/10/30 20:55,0.225,19.4,18.89,0.278935
2017/10/30 21:00,0.225,19.4,18.86,0.279125
2017/10/30 21:05,0.225,19.4,18.79,0.279567
2017/10/30 21:10,0.225,19.4,18.72,0.28001
2017/10/30 21:15,0.225,19.4,18.65,0.280452
2017/10/30 21:20,0.225,19.3,18.6,0.279717
2017/10/30 21:25,0.225,19.3,18.48,0.280476
2017/10/30 21:30,0.224,19.3,18.39,0.281044
2017/10/30 21:35,0.225,19.3,18.32,0.281487
2017/10/30 21:40,0.225,19.3,18.22,0.282119
2017/10/30 21:45,0.224,19.3,18.13,0.282688
2017/10/30 21:50,0.224,19.2,18.06,0.282079
2017/10/30 21:55,0.225,19.3,17.96,0.283762
2017/10/30 22:00,0.224,19.2,17.91,0.283027
2017/10/30 22:05,0.224,19.2,17.89,0.283153
2017/10/30 22:10,0.224,19.2,17.84,0.283469
2017/10/30 22:15,0.224,19.2,17.84,0.283469
2017/10/30 22:20,0.224,19.2,17.87,0.28328
2017/10/30 22:25,0.224,19.2,17.87,0.28328
2017/10/30 22:30,0.224,19.1,17.87,0.282229
2017/10/30 22:35,0.224,19.2,17.89,0.283153
2017/10/30 22:40,0.224,19.1,17.89,0.282103
2017/10/30 22:45,0.224,19.1,17.91,0.281976
2017/10/30 22:50,0.224,19.1,17.96,0.28166
2017/10/30 22:55,0.224,19.1,17.98,0.281534
2017/10/30 23:00,0.224,19.1,18.01,0.281344
2017/10/30 23:05,0.224,19.1,18.06,0.281028
2017/10/30 23:10,0.224,19.1,18.13,0.280586
2017/10/30 23:15,0.224,19.1,18.2,0.280143
2017/10/30 23:20,0.224,19.1,18.17,0.280333
2017/10/30 23:25,0.224,19.1,18.17,0.280333
2017/10/30 23:30,0.224,19.1,18.17,0.280333
2017/10/30 23:35,0.224,19,18.22,0.278966
2017/10/30 23:40,0.224,19,18.27,0.27865
2017/10/30 23:45,0.224,19,18.29,0.278524
2017/10/30 23:50,0.224,19,18.36,0.278082
2017/10/30 23:55,0.224,19,18.44,0.277576
